hex,callsign,datetime,squawk,altitude,latitude,longitude,type,heading,ground speed,indicated airspeed
ae1235,RCH863,2025-05-24 14:56:54.216180,727,34000,46.949306,-113.361664,C-17A Globemaster,290,443,
ae1449,RCH045,2025-05-24 14:56:54.216208,7376,36000,38.985828,-97.424042,C-17A Globemaster,249,388,
ae20c6,RCH878,2025-05-24 14:56:54.216218,1772,34975,41.83287,-85.72242,C-17A Globemaster,82,530,
ae1176,GRIT58,2025-05-24 14:56:54.216225,4501,875,25.567745,-80.117851,C-17A Globemaster,195,234,
ae10b5,FAMUS62,2025-05-24 14:56:54.216231,1767,2350,38.639809,-76.870155,C-17A Globemaster,2,245,
ae1449,RCH045,2025-05-24 14:57:54.549380,7376,36000,38.947117,-97.551437,C-17A Globemaster,249,390,
ae20c6,RCH878,2025-05-24 14:57:54.549399,1772,35000,41.853653,-85.521271,C-17A Globemaster,82,547,
ae1176,GRIT58,2025-05-24 14:57:54.549407,4501,900,25.564636,-80.17527,C-17A Globemaster,340,247,
ae10b5,FAMUS62,2025-05-24 14:57:54.549414,1767,2375,38.689087,-76.871643,C-17A Globemaster,353,191,
ae1449,RCH045,2025-05-24 14:58:54.928036,7376,36000,38.906757,-97.678642,C-17A Globemaster,248,384,
ae20c6,RCH878,2025-05-24 14:58:54.928057,1772,35000,41.872955,-85.335365,C-17A Globemaster,81,544,
ae1176,GRIT58,2025-05-24 14:58:54.928066,4501,875,25.628036,-80.151878,C-17A Globemaster,43,238,
ae10b5,FAMUS62,2025-05-24 14:58:54.928074,1767,1850,38.733562,-76.870102,C-17A Globemaster,2,134,
ae1449,RCH045,2025-05-24 14:59:55.272893,7376,36000,38.868359,-97.806374,C-17A Globemaster,249,383,
ae20c6,RCH878,2025-05-24 14:59:55.272914,1772,35000,41.894421,-85.114441,C-17A Globemaster,83,553,
ae1176,GRIT58,2025-05-24 14:59:55.272923,4501,875,25.627487,-80.087837,C-17A Globemaster,143,228,
ae10b5,FAMUS62,2025-05-24 14:59:55.272929,1767,1150,38.767384,-76.870499,C-17A Globemaster,2,128,
ae1449,RCH045,2025-05-24 15:00:55.653470,7376,36000,38.827171,-97.936989,C-17A Globemaster,246,378,
ae20c6,RCH878,2025-05-24 15:00:55.653488,1772,35000,41.913567,-84.920242,C-17A Globemaster,82,526,
ae1176,GRIT58,2025-05-24 15:00:55.653496,4501,850,25.600332,-80.126556,C-17A Globemaster,307,252,
ae10b5,FAMUS62,2025-05-24 15:00:55.653502,1767,225,38.794697,-76.868591,C-17A Globemaster,352,116,
ae1449,RCH045,2025-05-24 15:01:55.993923,7376,36000,38.789696,-98.058586,C-17A Globemaster,248,387,
ae20c6,RCH878,2025-05-24 15:01:55.993943,1772,35000,41.935146,-84.707954,C-17A Globemaster,84,542,
ae1176,GRIT58,2025-05-24 15:01:55.993951,4501,1250,25.667181,-80.135315,C-17A Globemaster,3,246,
ae1235,RCH863,2025-05-24 15:02:56.329430,727,34000,47.171383,-114.331169,C-17A Globemaster,287,426,
ae1449,RCH045,2025-05-24 15:02:56.329451,7376,36000,38.749252,-98.187325,C-17A Globemaster,247,407,
ae20c6,RCH878,2025-05-24 15:02:56.329460,1772,35000,41.955009,-84.500626,C-17A Globemaster,83,550,
ae1176,GRIT58,2025-05-24 15:02:56.329467,4501,525,25.739338,-80.127228,C-17A Globemaster,7,318,
ae1235,RCH863,2025-05-24 15:03:56.676288,727,34000,47.217239,-114.536942,C-17A Globemaster,288,429,
ae1449,RCH045,2025-05-24 15:03:56.676308,7376,36000,38.7103,-98.31279,C-17A Globemaster,249,380,
ae20c6,RCH878,2025-05-24 15:03:56.676316,1772,35000,41.972919,-84.304909,C-17A Globemaster,82,562,
ae1176,GRIT58,2025-05-24 15:03:56.676323,4501,575,25.815868,-80.094215,C-17A Globemaster,24,236,
ae1235,RCH863,2025-05-24 15:04:57.041504,727,34000,47.253998,-114.704704,C-17A Globemaster,288,437,
ae1449,RCH045,2025-05-24 15:04:57.041529,7376,36000,38.668236,-98.44619,C-17A Globemaster,246,383,
ae20c6,RCH878,2025-05-24 15:04:57.041539,1772,35000,41.992382,-84.092941,C-17A Globemaster,84,568,
ae1176,GRIT58,2025-05-24 15:04:57.041547,4501,525,25.817596,-80.114746,C-17A Globemaster,188,122,
ae1235,RCH863,2025-05-24 15:05:57.375770,727,34000,47.296837,-114.876938,C-17A Globemaster,292,430,
ae1449,RCH045,2025-05-24 15:05:57.375792,7376,36000,38.629757,-98.570518,C-17A Globemaster,249,389,
ae20c6,RCH878,2025-05-24 15:05:57.375801,1772,35000,42.011456,-83.883888,C-17A Globemaster,83,557,
ae1176,GRIT58,2025-05-24 15:05:57.375808,4501,550,25.784121,-80.121162,C-17A Globemaster,190,121,
ae1196,RCH333,2025-05-24 15:05:57.375816,2401,34000,49.476379,-60.961399,C-17A Globemaster,256,435,
ae1235,RCH863,2025-05-24 15:06:57.747674,727,34000,47.335903,-115.028847,C-17A Globemaster,291,420,
ae1449,RCH045,2025-05-24 15:06:57.747695,7376,36000,38.588783,-98.700752,C-17A Globemaster,249,389,
ae20c6,RCH878,2025-05-24 15:06:57.747705,1772,35000,42.028328,-83.679054,C-17A Globemaster,84,559,
ae1176,GRIT58,2025-05-24 15:06:57.747712,4501,525,25.744308,-80.112709,C-17A Globemaster,220,168,
ae1196,RCH333,2025-05-24 15:06:57.747720,2401,34000,49.447723,-61.143398,C-17A Globemaster,256,437,
ae1235,RCH863,2025-05-24 15:07:58.102085,727,34000,47.378052,-115.192863,C-17A Globemaster,291,429,
ae1449,RCH045,2025-05-24 15:07:58.102106,7376,36000,38.548298,-98.828087,C-17A Globemaster,248,386,
ae20c6,RCH878,2025-05-24 15:07:58.102115,1772,35000,42.046921,-83.472397,C-17A Globemaster,84,552,
ae1176,GRIT58,2025-05-24 15:07:58.102122,4501,550,25.776718,-80.12355,C-17A Globemaster,14,172,
ae1196,RCH333,2025-05-24 15:07:58.102130,2401,34000,49.435265,-61.222576,C-17A Globemaster,256,437,
ae1235,RCH863,2025-05-24 15:08:58.446119,727,34100,47.420273,-115.357002,C-17A Globemaster,291,439,
ae1449,RCH045,2025-05-24 15:08:58.446141,7376,36000,38.506432,-98.954292,C-17A Globemaster,247,398,
ae20c6,RCH878,2025-05-24 15:08:58.446150,1772,35000,42.058121,-83.264519,C-17A Globemaster,88,559,
ae1176,GRIT58,2025-05-24 15:08:58.446158,4501,525,25.771227,-80.117073,C-17A Globemaster,291,180,
ae1196,RCH333,2025-05-24 15:08:58.446166,2401,34000,49.390202,-61.503994,C-17A Globemaster,256,438,
ae1235,RCH863,2025-05-24 15:09:58.777682,727,35250,47.46439,-115.536873,C-17A Globemaster,289,427,
ae1449,RCH045,2025-05-24 15:09:58.777704,7376,36000,38.466145,-99.080292,C-17A Globemaster,249,378,
ae20c6,RCH878,2025-05-24 15:09:58.777713,1772,35000,42.068005,-83.059952,C-17A Globemaster,85,556,
ae1176,GRIT58,2025-05-24 15:09:58.777720,4501,700,25.821671,-80.10788,C-17A Globemaster,28,238,
ae1196,RCH333,2025-05-24 15:09:58.777728,2401,34000,49.360291,-61.688232,C-17A Globemaster,255,438,
ae1235,RCH863,2025-05-24 15:10:59.158312,727,36000,47.505417,-115.699265,C-17A Globemaster,291,425,
ae1449,RCH045,2025-05-24 15:10:59.158333,7376,36000,38.423691,-99.21125,C-17A Globemaster,248,382,
ae20c6,RCH878,2025-05-24 15:10:59.158342,1772,35000,42.077312,-82.852547,C-17A Globemaster,85,552,
ae1176,GRIT58,2025-05-24 15:10:59.158349,4501,900,25.835129,-80.065147,C-17A Globemaster,118,249,
ae1196,RCH333,2025-05-24 15:10:59.158356,2401,34000,49.331268,-61.865845,C-17A Globemaster,255,442,
ae1235,RCH863,2025-05-24 15:11:59.522145,727,36000,47.550785,-115.875069,C-17A Globemaster,290,434,
ae1449,RCH045,2025-05-24 15:11:59.522164,7376,36000,38.382648,-99.332397,C-17A Globemaster,247,421,
ae20c6,RCH878,2025-05-24 15:11:59.522172,1772,35000,42.086597,-82.641251,C-17A Globemaster,87,555,
ae1469,RCH676,2025-05-24 15:11:59.522178,,1400,43.108322,-70.846657,C-17A Globemaster,,,
ae1196,RCH333,2025-05-24 15:11:59.522184,2401,34000,49.300217,-62.05331,C-17A Globemaster,255,439,
ae1235,RCH863,2025-05-24 15:13:12.375768,727,36000,47.599659,-116.071823,C-17A Globemaster,290,431,
ae1449,RCH045,2025-05-24 15:13:12.375789,7376,36000,38.334229,-99.485703,C-17A Globemaster,248,370,
ae20c6,RCH878,2025-05-24 15:13:12.375798,1772,35000,42.098801,-82.385902,C-17A Globemaster,87,554,
ae1469,RCH676,2025-05-24 15:13:12.375806,1330,2800,43.174809,-70.894592,C-17A Globemaster,332,264,
ae1196,RCH333,2025-05-24 15:13:12.375812,2401,34000,49.263252,-62.273762,C-17A Globemaster,255,443,
ae1235,RCH863,2025-05-24 15:14:12.697791,727,36000,47.639767,-116.237152,C-17A Globemaster,290,428,
ae1449,RCH045,2025-05-24 15:14:12.697805,7376,36000,38.291267,-99.61586,C-17A Globemaster,247,410,
ae20c6,RCH878,2025-05-24 15:14:12.697811,1772,35000,42.106274,-82.186554,C-17A Globemaster,87,569,
ae1469,RCH676,2025-05-24 15:14:12.697816,1330,4300,43.239189,-70.901276,C-17A Globemaster,37,359,
ae1196,RCH333,2025-05-24 15:14:12.697821,2401,35075,49.233089,-62.452938,C-17A Globemaster,255,439,
ae1235,RCH863,2025-05-24 15:15:13.097470,727,36000,47.680939,-116.40831,C-17A Globemaster,289,430,
ae1449,RCH045,2025-05-24 15:15:13.097490,7376,36000,38.249535,-99.743553,C-17A Globemaster,248,382,
ae20c6,RCH878,2025-05-24 15:15:13.097500,1772,35000,42.11401,-81.970215,C-17A Globemaster,89,559,
ae1469,RCH676,2025-05-24 15:15:13.097510,1330,5400,43.293686,-70.817177,C-17A Globemaster,45,280,
ae1196,RCH333,2025-05-24 15:15:13.097517,2401,35800,49.201897,-62.633995,C-17A Globemaster,255,443,
ae1235,RCH863,2025-05-24 15:16:13.418756,727,36000,47.722404,-116.578239,C-17A Globemaster,290,427,
ae1449,RCH045,2025-05-24 15:16:13.418778,7376,36000,38.209724,-99.863121,C-17A Globemaster,247,382,
ae20c6,RCH878,2025-05-24 15:16:13.418787,1772,35000,42.122238,-81.763474,C-17A Globemaster,87,560,
ae1176,GRIT58,2025-05-24 15:16:13.418796,4501,900,25.743759,-80.021416,C-17A Globemaster,156,230,
ae1469,RCH676,2025-05-24 15:16:13.418804,1330,6850,43.348328,-70.734077,C-17A Globemaster,49,296,
ae1196,RCH333,2025-05-24 15:16:13.418810,2401,36025,49.170135,-62.81567,C-17A Globemaster,254,436,
ae1235,RCH863,2025-05-24 15:17:13.770488,727,36000,47.76355,-116.751007,C-17A Globemaster,289,416,
ae1449,RCH045,2025-05-24 15:17:13.770509,7376,36000,38.169319,-99.982018,C-17A Globemaster,245,385,
ae20c6,RCH878,2025-05-24 15:17:13.770518,1772,35000,42.130112,-81.558121,C-17A Globemaster,86,544,
ae1176,GRIT58,2025-05-24 15:17:13.770524,4501,1300,25.678757,-80.023094,C-17A Globemaster,222,264,
ae1469,RCH676,2025-05-24 15:17:13.770531,1330,8150,43.402672,-70.649178,C-17A Globemaster,49,307,
ae1196,RCH333,2025-05-24 15:17:13.770536,2401,36025,49.138641,-62.995674,C-17A Globemaster,255,440,
ae1235,RCH863,2025-05-24 15:18:14.073275,727,36000,47.802406,-116.913452,C-17A Globemaster,289,427,
ae1449,RCH045,2025-05-24 15:18:14.073292,7376,36000,38.127274,-100.10894,C-17A Globemaster,247,381,
ae20c6,RCH878,2025-05-24 15:18:14.073300,1772,35000,42.137264,-81.33638,C-17A Globemaster,87,565,
ae1176,GRIT58,2025-05-24 15:18:14.073306,4501,1400,25.643875,-80.097656,C-17A Globemaster,244,268,
ae1469,RCH676,2025-05-24 15:18:14.073313,1330,9650,43.466316,-70.565247,C-17A Globemaster,38,308,
ae1196,RCH333,2025-05-24 15:18:14.073317,2401,36000,49.106651,-63.178036,C-17A Globemaster,254,438,
ae1235,RCH863,2025-05-24 15:19:14.439427,727,36000,47.843082,-117.085457,C-17A Globemaster,289,434,
ae1449,RCH045,2025-05-24 15:19:14.439446,7376,36000,38.085533,-100.234329,C-17A Globemaster,247,380,
ae20c6,RCH878,2025-05-24 15:19:14.439455,1772,35000,42.143867,-81.13633,C-17A Globemaster,87,575,
ae1176,GRIT58,2025-05-24 15:19:14.439461,4501,1400,25.611282,-80.172577,C-17A Globemaster,244,268,
ae1469,RCH676,2025-05-24 15:19:14.439468,1330,10650,43.5326,-70.486221,C-17A Globemaster,39,321,
ae1196,RCH333,2025-05-24 15:19:14.439473,2401,36025,49.07523,-63.354469,C-17A Globemaster,254,437,
ae1235,RCH863,2025-05-24 15:20:14.757498,727,36000,47.882622,-117.253067,C-17A Globemaster,289,414,
ae1449,RCH045,2025-05-24 15:20:14.757516,7376,36000,38.039143,-100.36869,C-17A Globemaster,245,383,
ae20c6,RCH878,2025-05-24 15:20:14.757523,1772,35000,42.150356,-80.915733,C-17A Globemaster,86,574,
ae1176,GRIT58,2025-05-24 15:20:14.757528,4501,1400,25.569189,-80.239372,C-17A Globemaster,227,264,
ae1469,RCH676,2025-05-24 15:20:14.757533,1330,11200,43.603939,-70.400597,C-17A Globemaster,41,355,
ae1196,RCH333,2025-05-24 15:20:14.757537,2401,36000,49.042969,-63.532852,C-17A Globemaster,254,440,
ae1235,RCH863,2025-05-24 15:21:15.114827,727,36000,47.922672,-117.423927,C-17A Globemaster,290,450,
ae1449,RCH045,2025-05-24 15:21:15.114845,7376,36000,37.993607,-100.50399,C-17A Globemaster,248,407,
ae20c6,RCH878,2025-05-24 15:21:15.114854,1772,35000,42.156067,-80.705215,C-17A Globemaster,88,566,
ae1176,GRIT58,2025-05-24 15:21:15.114859,4501,1350,25.524824,-80.305443,C-17A Globemaster,238,260,
ae1469,RCH676,2025-05-24 15:21:15.114866,1330,12000,43.679703,-70.309883,C-17A Globemaster,41,371,
ae1196,RCH333,2025-05-24 15:21:15.114871,2401,36000,49.009823,-63.714775,C-17A Globemaster,254,443,
ae1235,RCH863,2025-05-24 15:22:15.479433,727,36000,47.960045,-117.586838,C-17A Globemaster,288,419,
ae1449,RCH045,2025-05-24 15:22:15.479454,7376,36000,37.963413,-100.59359,C-17A Globemaster,247,394,
ae20c6,RCH878,2025-05-24 15:22:15.479463,1772,35000,42.162266,-80.493568,C-17A Globemaster,88,562,
ae1176,GRIT58,2025-05-24 15:22:15.479468,4501,900,25.486313,-80.353546,C-17A Globemaster,220,173,
ae1469,RCH676,2025-05-24 15:22:15.479475,1330,13075,43.759735,-70.213417,C-17A Globemaster,41,378,
ae1196,RCH333,2025-05-24 15:22:15.479480,2401,36025,48.975769,-63.895218,C-17A Globemaster,252,445,
ae1235,RCH863,2025-05-24 15:23:16.135594,727,36000,48.000561,-117.761734,C-17A Globemaster,290,425,
ae1449,RCH045,2025-05-24 15:23:16.135613,7376,36000,37.909786,-100.756271,C-17A Globemaster,248,400,
ae1176,GRIT58,2025-05-24 15:23:16.135622,4501,950,25.453217,-80.389,C-17A Globemaster,227,169,
ae20c6,RCH878,2025-05-24 15:23:16.135627,1772,35000,42.166313,-80.292915,C-17A Globemaster,89,559,
ae1469,RCH676,2025-05-24 15:23:16.135633,1330,14150,43.840454,-70.115959,C-17A Globemaster,41,389,
ae1196,RCH333,2025-05-24 15:23:16.135637,2401,36025,48.937271,-64.074165,C-17A Globemaster,251,448,
ae1235,RCH863,2025-05-24 15:24:16.459181,727,36000,48.038681,-117.932541,C-17A Globemaster,288,437,
c2b3d7,CFC4069,2025-05-24 15:24:16.459197,1774,3075,53.270325,-113.532005,C-17A Globemaster,130,211,
ae1449,RCH045,2025-05-24 15:24:16.459205,7376,36000,37.867752,-100.887085,C-17A Globemaster,247,393,
ae1176,GRIT58,2025-05-24 15:24:16.459212,4501,875,25.448868,-80.42704,C-17A Globemaster,357,145,
ae20c6,RCH878,2025-05-24 15:24:16.459216,1772,34975,42.171673,-80.075401,C-17A Globemaster,89,555,
ae1469,RCH676,2025-05-24 15:24:16.459222,1330,15725,43.917381,-70.022011,C-17A Globemaster,43,382,
ae1196,RCH333,2025-05-24 15:24:16.459227,2401,36000,48.897354,-64.25882,C-17A Globemaster,251,453,
ae1235,RCH863,2025-05-24 15:25:16.866924,727,36000,48.076359,-118.099899,C-17A Globemaster,289,421,
c2b3d7,CFC4069,2025-05-24 15:25:16.866942,1774,5800,53.263779,-113.430779,C-17A Globemaster,59,275,
ae1449,RCH045,2025-05-24 15:25:16.866950,7376,36000,37.830124,-101.005081,C-17A Globemaster,247,394,
ae1176,GRIT58,2025-05-24 15:25:16.866958,4501,125,25.474409,-80.40168,C-17A Globemaster,49,117,
ae20c6,RCH878,2025-05-24 15:25:16.866964,1772,35000,42.176548,-79.881645,C-17A Globemaster,90,544,
ae1469,RCH676,2025-05-24 15:25:16.866970,1330,16700,44.000648,-69.921135,C-17A Globemaster,40,396,
ae1196,RCH333,2025-05-24 15:25:16.866975,2401,36025,48.858536,-64.43869,C-17A Globemaster,251,458,
ae1235,RCH863,2025-05-24 15:26:17.210417,727,36000,48.114189,-118.270424,C-17A Globemaster,288,444,
c2b3d7,CFC4069,2025-05-24 15:26:17.210434,1774,9000,53.303101,-113.314011,C-17A Globemaster,62,294,
ae1449,RCH045,2025-05-24 15:26:17.210442,7376,36000,37.789154,-101.131607,C-17A Globemaster,250,396,
ae20c6,RCH878,2025-05-24 15:26:17.210449,1772,35000,42.179585,-79.678734,C-17A Globemaster,89,538,
ae1469,RCH676,2025-05-24 15:26:17.210455,1330,17750,44.086224,-69.817146,C-17A Globemaster,41,404,
ae1196,RCH333,2025-05-24 15:26:17.210459,2401,36000,48.81831,-64.623894,C-17A Globemaster,251,455,
ae1235,RCH863,2025-05-24 15:27:17.584806,727,36000,48.147823,-118.44075,C-17A Globemaster,289,423,
c2b3d7,CFC4069,2025-05-24 15:27:17.584824,1774,11250,53.332397,-113.181313,C-17A Globemaster,91,332,
ae1449,RCH045,2025-05-24 15:27:17.584833,7376,36000,37.745235,-101.265366,C-17A Globemaster,248,403,
ae20c6,RCH878,2025-05-24 15:27:17.584841,1772,35000,42.182678,-79.469749,C-17A Globemaster,89,524,
ae1469,RCH676,2025-05-24 15:27:17.584847,1330,18650,44.168831,-69.716232,C-17A Globemaster,37,410,
ae1196,RCH333,2025-05-24 15:27:17.584853,2401,36000,48.778336,-64.80574,C-17A Globemaster,251,457,
ae145b,RCH813,2025-05-24 15:28:17.916994,3232,2350,38.234005,-121.964149,C-17A Globemaster,226,172,
ae1235,RCH863,2025-05-24 15:28:17.917012,727,36000,48.191246,-118.616463,C-17A Globemaster,289,438,
c2b3d7,CFC4069,2025-05-24 15:28:17.917020,1774,13275,53.322701,-113.014099,C-17A Globemaster,95,370,
ae1449,RCH045,2025-05-24 15:28:17.917027,7376,36000,37.702888,-101.394196,C-17A Globemaster,250,396,
ae20c6,RCH878,2025-05-24 15:28:17.917035,1772,35000,42.184746,-79.263107,C-17A Globemaster,90,525,
ae1469,RCH676,2025-05-24 15:28:17.917041,1330,19700,44.256065,-69.608147,C-17A Globemaster,42,423,
ae1196,RCH333,2025-05-24 15:28:17.917047,2401,36025,48.738647,-64.98455,C-17A Globemaster,251,458,
ae145b,RCH813,2025-05-24 15:29:18.279966,3232,4000,38.195164,-121.965569,C-17A Globemaster,116,257,
ae1235,RCH863,2025-05-24 15:29:18.279984,727,36000,48.22937,-118.789154,C-17A Globemaster,288,432,
c2b3d7,CFC4069,2025-05-24 15:29:18.279993,1774,15275,53.31097,-112.837105,C-17A Globemaster,96,396,
ae1449,RCH045,2025-05-24 15:29:18.280000,7376,36000,37.661266,-101.514519,C-17A Globemaster,248,381,
ae20c6,RCH878,2025-05-24 15:29:18.280008,1772,35000,42.196079,-79.073082,C-17A Globemaster,82,516,
ae1469,RCH676,2025-05-24 15:29:18.280014,1330,20600,44.342289,-69.499756,C-17A Globemaster,44,432,
ae1196,RCH333,2025-05-24 15:29:18.280020,2401,36000,48.696625,-65.172516,C-17A Globemaster,251,459,
ae145b,RCH813,2025-05-24 15:30:18.618281,3232,5300,38.174294,-121.896873,C-17A Globemaster,114,246,
ae1235,RCH863,2025-05-24 15:30:18.618299,727,36000,48.263382,-118.950745,C-17A Globemaster,287,430,
c2b3d7,CFC4069,2025-05-24 15:30:18.618306,1774,17425,53.297611,-112.650093,C-17A Globemaster,96,413,
ae1449,RCH045,2025-05-24 15:30:18.618314,7376,36025,37.615566,-101.65699,C-17A Globemaster,246,433,
ae20c6,RCH878,2025-05-24 15:30:18.618321,1772,35000,42.219139,-78.875015,C-17A Globemaster,82,526,
ae1469,RCH676,2025-05-24 15:30:18.618327,1330,21525,44.435078,-69.384354,C-17A Globemaster,42,424,
ae1196,RCH333,2025-05-24 15:30:18.618333,2401,36025,48.655746,-65.353691,C-17A Globemaster,251,457,
ae145b,RCH813,2025-05-24 15:31:18.971935,3232,6850,38.147701,-121.807953,C-17A Globemaster,110,289,
ae1235,RCH863,2025-05-24 15:31:18.971954,727,36000,48.301804,-119.126656,C-17A Globemaster,287,444,
c2b3d7,CFC4069,2025-05-24 15:31:18.971962,1774,19450,53.283134,-112.455734,C-17A Globemaster,97,429,
ae1449,RCH045,2025-05-24 15:31:18.971970,7376,36000,37.576859,-101.776176,C-17A Globemaster,249,406,
ae20c6,RCH878,2025-05-24 15:31:18.971978,1772,35000,42.244972,-78.678711,C-17A Globemaster,81,525,
ae1469,RCH676,2025-05-24 15:31:18.971984,1330,22525,44.524803,-69.273079,C-17A Globemaster,44,434,
ae1196,RCH333,2025-05-24 15:31:18.971990,2401,36000,48.614269,-65.536194,C-17A Globemaster,250,457,
ae145b,RCH813,2025-05-24 15:32:19.260094,3232,9425,38.147602,-121.710709,C-17A Globemaster,82,290,
ae1235,RCH863,2025-05-24 15:32:19.260109,727,36000,48.338959,-119.305496,C-17A Globemaster,288,433,
c2b3d7,CFC4069,2025-05-24 15:32:19.260116,1774,21400,53.262772,-112.255554,C-17A Globemaster,105,442,
ae1449,RCH045,2025-05-24 15:32:19.260123,7376,36000,37.53384,-101.901497,C-17A Globemaster,246,397,
ae20c6,RCH878,2025-05-24 15:32:19.260130,1772,34975,42.26833,-78.489479,C-17A Globemaster,81,525,
ae1469,RCH676,2025-05-24 15:32:19.260135,1330,23325,44.614059,-69.162079,C-17A Globemaster,43,426,
ae1196,RCH333,2025-05-24 15:32:19.260140,2401,36025,48.572231,-65.718552,C-17A Globemaster,250,462,
ae145b,RCH813,2025-05-24 15:33:19.659647,3232,10700,38.159332,-121.603531,C-17A Globemaster,83,331,
ae1235,RCH863,2025-05-24 15:33:19.659665,727,36000,48.37463,-119.473198,C-17A Globemaster,289,443,
c2b3d7,CFC4069,2025-05-24 15:33:19.659673,1774,23200,53.231461,-112.054085,C-17A Globemaster,104,454,
ae1449,RCH045,2025-05-24 15:33:19.659681,7376,36000,37.499104,-102.011986,C-17A Globemaster,247,398,
ae20c6,RCH878,2025-05-24 15:33:19.659688,1772,35000,42.29155,-78.293137,C-17A Globemaster,80,519,
ae1469,RCH676,2025-05-24 15:33:19.659694,1330,24025,44.703373,-69.04895,C-17A Globemaster,43,435,
ae1196,RCH333,2025-05-24 15:33:19.659700,2401,36000,48.529816,-65.902336,C-17A Globemaster,250,460,
ae145b,RCH813,2025-05-24 15:34:20.015070,3232,11800,38.171616,-121.48233,C-17A Globemaster,83,376,
ae1235,RCH863,2025-05-24 15:34:20.015088,727,36000,48.410515,-119.645935,C-17A Globemaster,288,425,
c2b3d7,CFC4069,2025-05-24 15:34:20.015096,1774,24825,53.198822,-111.845924,C-17A Globemaster,104,465,
ae1449,RCH045,2025-05-24 15:34:20.015104,7376,36000,37.456207,-102.137955,C-17A Globemaster,249,377,
ae20c6,RCH878,2025-05-24 15:34:20.015111,1772,35000,42.315811,-78.099655,C-17A Globemaster,82,514,
ae1469,RCH676,2025-05-24 15:34:20.015117,1330,24650,44.796425,-68.931412,C-17A Globemaster,40,435,
ae1196,RCH333,2025-05-24 15:34:20.015123,2401,36000,48.487602,-66.083122,C-17A Globemaster,250,461,
ae145b,RCH813,2025-05-24 15:35:20.378155,3232,13675,38.185192,-121.347931,C-17A Globemaster,83,377,
ae1235,RCH863,2025-05-24 15:35:20.378170,727,36000,48.460316,-119.812752,C-17A Globemaster,301,459,
c2b3d7,CFC4069,2025-05-24 15:35:20.378176,1774,26575,53.165169,-111.635635,C-17A Globemaster,105,467,
ae1449,RCH045,2025-05-24 15:35:20.378184,7376,36000,37.410427,-102.270264,C-17A Globemaster,243,396,
ae20c6,RCH878,2025-05-24 15:35:20.378192,1772,35000,42.338715,-77.907516,C-17A Globemaster,81,511,
ae1469,RCH676,2025-05-24 15:35:20.378197,1330,25325,44.884434,-68.821297,C-17A Globemaster,40,431,
ae1196,RCH333,2025-05-24 15:35:20.378202,2401,36025,48.443985,-66.268265,C-17A Globemaster,250,461,
ae145b,RCH813,2025-05-24 15:36:20.707874,3232,15325,38.198475,-121.216255,C-17A Globemaster,83,393,
ae1235,RCH863,2025-05-24 15:36:20.707893,727,36000,48.513264,-119.969055,C-17A Globemaster,297,429,
c2b3d7,CFC4069,2025-05-24 15:36:20.707901,1774,28575,53.131886,-111.429077,C-17A Globemaster,105,460,
ae1449,RCH045,2025-05-24 15:36:20.707908,7376,36000,37.378242,-102.411316,C-17A Globemaster,241,410,
ae20c6,RCH878,2025-05-24 15:36:20.707917,1772,35000,42.360729,-77.71936,C-17A Globemaster,78,511,
ae1469,RCH676,2025-05-24 15:36:20.707923,1330,26025,44.97847,-68.706345,C-17A Globemaster,40,438,
ae1196,RCH333,2025-05-24 15:36:20.707929,2401,36025,48.400921,-66.449577,C-17A Globemaster,250,459,
ae145b,RCH813,2025-05-24 15:37:21.052305,3232,16975,38.212364,-121.074722,C-17A Globemaster,83,410,
ae1235,RCH863,2025-05-24 15:37:21.052325,727,36000,48.56823,-120.131409,C-17A Globemaster,297,429,
c2b3d7,CFC4069,2025-05-24 15:37:21.052333,1774,30325,53.098553,-111.225182,C-17A Globemaster,105,459,
ae1449,RCH045,2025-05-24 15:37:21.052340,7376,36025,37.326199,-102.521004,C-17A Globemaster,245,389,
ae20c6,RCH878,2025-05-24 15:37:21.052349,1772,35000,42.382263,-77.534538,C-17A Globemaster,80,505,
ae1469,RCH676,2025-05-24 15:37:21.052355,1330,26725,45.070278,-68.591042,C-17A Globemaster,42,436,
ae1196,RCH333,2025-05-24 15:37:21.052361,2401,36000,48.358063,-66.628487,C-17A Globemaster,250,460,
ae145b,RCH813,2025-05-24 15:38:21.388546,3232,18875,38.22644,-120.928497,C-17A Globemaster,83,408,
ae1235,RCH863,2025-05-24 15:38:21.388565,727,36000,48.622303,-120.291763,C-17A Globemaster,297,436,
c2b3d7,CFC4069,2025-05-24 15:38:21.388573,1774,31725,53.064194,-111.017685,C-17A Globemaster,105,464,
ae20c6,RCH878,2025-05-24 15:38:21.388583,1772,34975,42.404133,-77.34201,C-17A Globemaster,81,502,
ae1469,RCH676,2025-05-24 15:38:21.388589,1330,27425,45.161171,-68.479973,C-17A Globemaster,41,431,
ae1196,RCH333,2025-05-24 15:38:21.388595,2401,36025,48.313614,-66.812576,C-17A Globemaster,250,462,
ae145b,RCH813,2025-05-24 15:39:21.754088,3232,19975,38.240761,-120.783913,C-17A Globemaster,84,405,
ae1235,RCH863,2025-05-24 15:39:21.754106,727,36000,48.677128,-120.457222,C-17A Globemaster,296,426,
c2b3d7,CFC4069,2025-05-24 15:39:21.754114,1774,33400,53.029907,-110.812988,C-17A Globemaster,105,458,
ae1449,RCH045,2025-05-24 15:39:21.754121,7376,36000,37.242085,-102.770401,C-17A Globemaster,253,343,
ae20c6,RCH878,2025-05-24 15:39:21.754130,1772,35000,42.424118,-77.167526,C-17A Globemaster,81,509,
ae1469,RCH676,2025-05-24 15:39:21.754136,1330,27950,45.250484,-68.367493,C-17A Globemaster,43,437,
ae1196,RCH333,2025-05-24 15:39:21.754142,2401,36025,48.269989,-66.991669,C-17A Globemaster,249,463,
ae145b,RCH813,2025-05-24 15:40:22.079190,3232,21075,38.253895,-120.642067,C-17A Globemaster,83,414,
ae1235,RCH863,2025-05-24 15:40:22.079209,727,36000,48.731655,-120.61866,C-17A Globemaster,296,423,
c2b3d7,CFC4069,2025-05-24 15:40:22.079218,1774,34975,52.99205,-110.611191,C-17A Globemaster,107,453,
ae1449,RCH045,2025-05-24 15:40:22.079224,7376,36000,37.204105,-102.93589,C-17A Globemaster,237,408,
ae20c6,RCH878,2025-05-24 15:40:22.079233,1772,35000,42.445335,-76.969002,C-17A Globemaster,81,506,
ae1469,RCH676,2025-05-24 15:40:22.079240,1330,28500,45.339893,-68.256424,C-17A Globemaster,43,437,
ae1196,RCH333,2025-05-24 15:40:22.079245,2401,36025,48.224945,-67.175552,C-17A Globemaster,249,462,
ae1235,RCH863,2025-05-24 15:41:22.467315,727,36000,48.78648,-120.78672,C-17A Globemaster,297,437,
ae145b,RCH813,2025-05-24 15:41:22.467330,3232,22250,38.267479,-120.492348,C-17A Globemaster,84,428,
c2b3d7,CFC4069,2025-05-24 15:41:22.467338,1774,36175,52.953682,-110.410324,C-17A Globemaster,107,452,
ae1449,RCH045,2025-05-24 15:41:22.467344,7376,36125,37.141216,-103.031441,C-17A Globemaster,256,408,
ae20c6,RCH878,2025-05-24 15:41:22.467353,1772,35000,42.466064,-76.782288,C-17A Globemaster,82,497,
ae1469,RCH676,2025-05-24 15:41:22.467358,1330,28975,45.43388,-68.137733,C-17A Globemaster,42,429,
ae1196,RCH333,2025-05-24 15:41:22.467362,2401,36025,48.179947,-67.357178,C-17A Globemaster,249,462,
ae1235,RCH863,2025-05-24 15:42:22.808916,727,36000,48.840347,-120.950768,C-17A Globemaster,296,424,
ae145b,RCH813,2025-05-24 15:42:22.808934,3232,23450,38.281845,-120.342896,C-17A Globemaster,81,472,
c2b3d7,CFC4069,2025-05-24 15:42:22.808943,1774,36850,52.914906,-110.20739,C-17A Globemaster,107,463,
ae1449,RCH045,2025-05-24 15:42:22.808949,7376,37275,37.100056,-103.162613,C-17A Globemaster,244,403,
ae20c6,RCH878,2025-05-24 15:42:22.808958,1772,35000,42.486614,-76.588211,C-17A Globemaster,81,493,
ae1469,RCH676,2025-05-24 15:42:22.808964,1330,29000,45.524517,-68.023819,C-17A Globemaster,41,442,
ae1196,RCH333,2025-05-24 15:42:22.808969,2401,36000,48.134827,-67.537888,C-17A Globemaster,249,463,
ae1235,RCH863,2025-05-24 15:43:23.175376,727,36000,48.893108,-121.111023,C-17A Globemaster,296,442,
ae145b,RCH813,2025-05-24 15:43:23.175394,3232,24525,38.293995,-120.197945,C-17A Globemaster,85,417,
c2b3d7,CFC4069,2025-05-24 15:43:23.175402,1774,37000,52.87587,-110.004578,C-17A Globemaster,107,465,
ae1449,RCH045,2025-05-24 15:43:23.175409,7376,38025,37.060551,-103.282356,C-17A Globemaster,246,380,
ae20c6,RCH878,2025-05-24 15:43:23.175419,1772,35000,42.508354,-76.41761,C-17A Globemaster,76,486,
ae1469,RCH676,2025-05-24 15:43:23.175425,1330,29000,45.61639,-67.906212,C-17A Globemaster,45,454,
ae1196,RCH333,2025-05-24 15:43:23.175430,2401,36025,48.089626,-67.717827,C-17A Globemaster,249,462,
ae1235,RCH863,2025-05-24 15:44:23.487042,2655,36000,48.944885,-121.272072,C-17A Globemaster,295,432,
ae145b,RCH813,2025-05-24 15:44:23.487060,3232,25900,38.306808,-120.047668,C-17A Globemaster,84,433,
c2b3d7,CFC4069,2025-05-24 15:44:23.487067,1774,37000,52.83651,-109.803482,C-17A Globemaster,108,459,
ae1449,RCH045,2025-05-24 15:44:23.487073,7376,38000,37.020809,-103.393074,C-17A Globemaster,245,399,
ae20c6,RCH878,2025-05-24 15:44:23.487082,7323,35000,42.541519,-76.225098,C-17A Globemaster,78,482,
ae1196,RCH333,2025-05-24 15:44:23.487088,2401,36000,48.043945,-67.89798,C-17A Globemaster,249,464,
ae1469,RCH676,2025-05-24 15:44:23.487093,1330,29000,45.706448,-67.78125,C-17A Globemaster,50,442,
ae1235,RCH863,2025-05-24 15:45:24.030865,2655,36000,48.996758,-121.432831,C-17A Globemaster,295,431,
ae145b,RCH813,2025-05-24 15:45:24.030882,3232,27150,38.321884,-119.890129,C-17A Globemaster,85,430,
c2b3d7,CFC4069,2025-05-24 15:45:24.030891,1774,37000,52.797035,-109.603767,C-17A Globemaster,108,463,
ae1449,RCH045,2025-05-24 15:45:24.030897,7376,38000,36.977337,-103.522896,C-17A Globemaster,252,317,
ae20c6,RCH878,2025-05-24 15:45:24.030905,7323,35000,42.57066,-76.048775,C-17A Globemaster,77,498,
ae1196,RCH333,2025-05-24 15:45:24.030911,2401,36025,47.997849,-68.078362,C-17A Globemaster,249,466,
ae1469,RCH676,2025-05-24 15:45:24.030917,1330,29000,45.773117,-67.63179,C-17A Globemaster,56,473,
ae1235,RCH863,2025-05-24 15:46:24.361021,2655,36000,49.055046,-121.61412,C-17A Globemaster,296,457,
ae145b,RCH813,2025-05-24 15:46:24.361039,3232,28500,38.334736,-119.745865,C-17A Globemaster,84,427,
c2b3d7,CFC4069,2025-05-24 15:46:24.361047,1774,37000,52.756302,-109.399498,C-17A Globemaster,108,465,
ae1449,RCH045,2025-05-24 15:46:24.361054,7376,38000,36.945984,-103.670082,C-17A Globemaster,274,428,
ae20c6,RCH878,2025-05-24 15:46:24.361062,7323,35000,42.601582,-75.861359,C-17A Globemaster,77,493,
ae1196,RCH333,2025-05-24 15:46:24.361068,2401,36000,47.951019,-68.260117,C-17A Globemaster,248,465,
ae1469,RCH676,2025-05-24 15:46:24.361073,1330,29000,45.839668,-67.48233,C-17A Globemaster,58,448,
ae1235,RCH863,2025-05-24 15:47:51.180797,2655,36000,49.124783,-121.835632,C-17A Globemaster,297,441,
ae145b,RCH813,2025-05-24 15:47:51.180851,3232,29800,38.353897,-119.524734,C-17A Globemaster,83,436,
c2b3d7,CFC4069,2025-05-24 15:47:51.180884,1774,37000,52.697891,-109.110565,C-17A Globemaster,108,459,244
ae1449,RCH045,2025-05-24 15:47:51.180908,7376,38025,36.868717,-103.849907,C-17A Globemaster,260,377,
ae20c6,RCH878,2025-05-24 15:47:51.180938,7323,34100,42.643097,-75.60524,C-17A Globemaster,78,487,
ae1196,RCH333,2025-05-24 15:47:51.180961,2401,36000,47.883636,-68.519257,C-17A Globemaster,248,468,
ae1469,RCH676,2025-05-24 15:47:51.180981,1330,29000,45.93528,-67.262924,C-17A Globemaster,59,458,
ae1235,RCH863,2025-05-24 16:05:19.055853,2655,36000,50.11274,-124.731415,C-17A Globemaster,309,445,
ae1449,RCH045,2025-05-24 16:05:19.055874,7376,34300,36.184605,-105.98645,C-17A Globemaster,251,386,
c2b3d7,CFC4069,2025-05-24 16:05:19.055882,1774,37000,52.042831,-105.694199,C-17A Globemaster,102,448,245
ae20c6,RCH878,2025-05-24 16:05:19.055892,7323,20175,43.080978,-72.651276,C-17A Globemaster,79,427,
ae1196,RCH333,2025-05-24 16:05:19.055898,2401,36025,46.698647,-71.276619,C-17A Globemaster,225,467,
ae1469,RCH676,2025-05-24 16:05:19.055904,1330,29000,47.075462,-64.515938,C-17A Globemaster,60,481,
ae1235,RCH863,2025-05-24 16:13:35.122101,2655,36000,50.758556,-125.995056,C-17A Globemaster,308,447,
ae145b,RCH813,2025-05-24 16:13:35.122174,3232,35000,38.602325,-115.486954,C-17A Globemaster,,,
ae1449,RCH045,2025-05-24 16:13:35.122205,7376,34000,35.880081,-107.046494,C-17A Globemaster,249,396,
c2b3d7,CFC4069,2025-05-24 16:13:35.122231,1774,37000,51.803284,-104.068954,C-17A Globemaster,104,454,245
ae1196,RCH333,2025-05-24 16:13:35.122264,2401,36000,45.943054,-72.369759,C-17A Globemaster,224,465,
ae20c6,RCH878,2025-05-24 16:13:35.122284,7323,10100,43.101147,-71.510628,C-17A Globemaster,107,313,
ae1449,RCH045,2025-05-24 16:25:26.499321,7376,34000,35.449791,-108.572777,C-17A Globemaster,258,407,
c2b3d7,CFC4069,2025-05-24 16:25:26.499380,1774,37000,51.4189,-101.758118,C-17A Globemaster,105,448,244
ae4d67,RCH839,2025-05-24 16:25:26.499414,775,10525,34.450356,-79.993538,C-17A Globemaster,49,406,
ae1196,RCH333,2025-05-24 16:25:26.499439,2401,34325,44.840233,-73.888412,C-17A Globemaster,223,468,
ae20c6,RCH878,2025-05-24 16:25:26.499461,7323,450,43.052132,-70.804962,C-17A Globemaster,328,132,
ae1449,RCH045,2025-05-24 16:28:32.692880,7376,34000,35.37912,-108.98484,C-17A Globemaster,259,407,
c2b3d7,CFC4069,2025-05-24 16:28:32.692940,1774,37000,51.312763,-101.169739,C-17A Globemaster,106,447,245
ae1196,RCH333,2025-05-24 16:28:32.692981,2401,30075,44.548828,-74.274902,C-17A Globemaster,223,468,
ae1449,RCH045,2025-05-24 16:37:46.107771,7376,34000,35.164768,-110.152534,C-17A Globemaster,258,387,
c2b3d7,CFC4069,2025-05-24 16:37:46.107833,1774,37000,50.953381,-99.434738,C-17A Globemaster,110,449,244
ae4d67,RCH839,2025-05-24 16:37:46.107865,775,23250,35.660213,-79.093941,C-17A Globemaster,38,463,
ae1196,RCH333,2025-05-24 16:37:46.107890,2401,11000,43.730938,-75.289047,C-17A Globemaster,214,359,
ae1449,RCH045,2025-05-24 16:56:02.066857,7376,32000,34.680351,-112.571251,C-17A Globemaster,253,402,
c2b3d7,CFC4069,2025-05-24 16:56:02.066874,1774,37000,50.078522,-96.094452,C-17A Globemaster,113,457,246
ae4d67,RCH839,2025-05-24 16:56:02.066881,775,27925,37.501873,-77.225662,C-17A Globemaster,40,493,
ae1449,RCH045,2025-05-24 17:02:10.553561,7376,30000,34.4636,-113.372597,C-17A Globemaster,253,407,
ae145b,RCH813,2025-05-24 17:02:10.553621,3547,35000,38.513039,-107.217628,C-17A Globemaster,96,494,
c2b3d7,CFC4069,2025-05-24 17:02:10.553655,1774,37000,49.762436,-94.996902,C-17A Globemaster,114,460,245
ae4d67,RCH839,2025-05-24 17:02:10.553680,775,29000,38.125156,-76.540558,C-17A Globemaster,39,490,
ae1449,RCH045,2025-05-24 17:05:30.470728,7376,30000,34.3293,-113.846275,C-17A Globemaster,249,431,
ae145b,RCH813,2025-05-24 17:05:30.470786,3547,35000,38.469048,-106.636421,C-17A Globemaster,96,479,
c2b3d7,CFC4069,2025-05-24 17:05:30.470820,1774,37000,49.584595,-94.400528,C-17A Globemaster,114,462,245
ae4d67,RCH839,2025-05-24 17:05:30.470844,775,29000,38.458267,-76.16613,C-17A Globemaster,40,500,
ae1449,RCH045,2025-05-24 17:06:30.826096,7376,30000,34.287792,-113.982323,C-17A Globemaster,246,449,
ae145b,RCH813,2025-05-24 17:06:30.826134,3547,34975,38.455791,-106.458817,C-17A Globemaster,96,506,
c2b3d7,CFC4069,2025-05-24 17:06:30.826154,1774,37000,49.530029,-94.220627,C-17A Globemaster,115,459,245
ae4d67,RCH839,2025-05-24 17:06:30.826169,775,29000,38.557621,-76.051285,C-17A Globemaster,44,476,
ae1449,RCH045,2025-05-24 17:16:25.525308,7376,21525,33.907288,-115.264473,C-17A Globemaster,252,382,
ae145b,RCH813,2025-05-24 17:16:25.525337,3547,35800,38.29364,-104.707047,C-17A Globemaster,99,489,
c2b3d7,CFC4069,2025-05-24 17:16:25.525349,1774,37000,49.054466,-92.431305,C-17A Globemaster,109,459,243
ae10b5,RCH811,2025-05-24 17:16:25.525356,5631,14000,39.028473,-77.374016,C-17A Globemaster,322,327,
ae4d67,RCH839,2025-05-24 17:16:25.525363,775,29000,39.508968,-74.845688,C-17A Globemaster,54,502,
ae1449,RCH045,2025-05-24 17:17:25.841577,7376,20900,33.869923,-115.382645,C-17A Globemaster,250,389,
ae145b,RCH813,2025-05-24 17:17:25.841597,3547,36400,38.274967,-104.536491,C-17A Globemaster,100,497,
c2b3d7,CFC4069,2025-05-24 17:17:25.841606,1774,37000,49.012161,-92.248184,C-17A Globemaster,109,457,244
ae10b5,RCH811,2025-05-24 17:17:25.841614,5631,15850,39.120476,-77.401817,C-17A Globemaster,0,357,
ae4d67,RCH839,2025-05-24 17:17:25.841621,775,29000,39.586102,-74.701424,C-17A Globemaster,55,490,
ae1449,RCH045,2025-05-24 17:18:26.196728,7376,20300,33.833691,-115.503235,C-17A Globemaster,251,385,
ae145b,RCH813,2025-05-24 17:18:26.196748,3547,36950,38.254749,-104.372498,C-17A Globemaster,99,511,
c2b3d7,CFC4069,2025-05-24 17:18:26.196758,1774,37000,48.969315,-92.064865,C-17A Globemaster,109,459,245
ae10b5,RCH811,2025-05-24 17:18:26.196765,5631,17400,39.223103,-77.410927,C-17A Globemaster,359,389,
ae4d67,RCH839,2025-05-24 17:18:26.196772,775,29000,39.664982,-74.555611,C-17A Globemaster,55,487,
ae1449,RCH045,2025-05-24 17:19:26.517997,7376,19700,33.79496,-115.629974,C-17A Globemaster,251,376,
ae145b,RCH813,2025-05-24 17:19:26.518016,3547,37000,38.231228,-104.187309,C-17A Globemaster,99,515,
c2b3d7,CFC4069,2025-05-24 17:19:26.518026,1774,37000,48.926285,-91.88176,C-17A Globemaster,109,457,244
ae10b5,RCH811,2025-05-24 17:19:26.518034,5631,19025,39.322002,-77.421875,C-17A Globemaster,354,372,
ae4d67,RCH839,2025-05-24 17:19:26.518041,775,29000,39.740509,-74.415817,C-17A Globemaster,54,495,
ae1449,RCH045,2025-05-24 17:20:26.872558,7376,19150,33.75602,-115.752892,C-17A Globemaster,249,381,
ae145b,RCH813,2025-05-24 17:20:26.872578,3547,37000,38.210468,-104.009621,C-17A Globemaster,99,501,
c2b3d7,CFC4069,2025-05-24 17:20:26.872589,1774,37000,48.883163,-91.699501,C-17A Globemaster,109,459,244
ae10b5,RCH811,2025-05-24 17:20:26.872597,5631,20325,39.429356,-77.433128,C-17A Globemaster,357,389,
ae4d67,RCH839,2025-05-24 17:20:26.872604,775,29000,39.813084,-74.276428,C-17A Globemaster,54,485,
ae1449,RCH045,2025-05-24 17:21:27.195202,7376,18150,33.719841,-115.868759,C-17A Globemaster,249,389,
ae145b,RCH813,2025-05-24 17:21:27.195230,3547,37000,38.19669,-103.860481,C-17A Globemaster,98,504,
c2b3d7,CFC4069,2025-05-24 17:21:27.195243,1774,37000,48.840233,-91.519363,C-17A Globemaster,109,456,244
ae10b5,RCH811,2025-05-24 17:21:27.195252,5631,21800,39.536793,-77.443481,C-17A Globemaster,356,389,
ae4d67,RCH839,2025-05-24 17:21:27.195260,775,29000,39.897217,-74.118088,C-17A Globemaster,53,481,
ae1449,RCH045,2025-05-24 17:22:27.547587,7376,16150,33.682377,-115.990517,C-17A Globemaster,251,331,
ae145b,RCH813,2025-05-24 17:22:27.547609,3547,36975,38.167728,-103.671783,C-17A Globemaster,99,484,
c2b3d7,CFC4069,2025-05-24 17:22:27.547619,1774,37000,48.795776,-91.335052,C-17A Globemaster,110,460,245
ae10b5,RCH811,2025-05-24 17:22:27.547627,5631,23025,39.646786,-77.454987,C-17A Globemaster,1,371,
ae4d67,RCH839,2025-05-24 17:22:27.547635,775,29000,39.971241,-73.976532,C-17A Globemaster,53,474,
ae1449,RCH045,2025-05-24 17:23:27.916847,7376,16175,33.644344,-116.111717,C-17A Globemaster,251,389,
ae145b,RCH813,2025-05-24 17:23:27.916867,3547,37000,38.144123,-103.491287,C-17A Globemaster,101,501,
c2b3d7,CFC4069,2025-05-24 17:23:27.916877,1774,37000,48.75174,-91.153999,C-17A Globemaster,110,460,245
ae10b5,RCH811,2025-05-24 17:23:27.916885,5631,24350,39.763954,-77.452873,C-17A Globemaster,1,422,
ae4d67,RCH839,2025-05-24 17:23:27.916892,775,29000,40.050308,-73.82589,C-17A Globemaster,56,490,
ae1449,RCH045,2025-05-24 17:24:28.290187,7376,16175,33.607475,-116.229713,C-17A Globemaster,251,374,
ae145b,RCH813,2025-05-24 17:24:28.290206,3547,37000,38.119816,-103.31002,C-17A Globemaster,100,504,
c2b3d7,CFC4069,2025-05-24 17:24:28.290216,1774,37000,48.707047,-90.971062,C-17A Globemaster,110,459,244
ae10b5,RCH811,2025-05-24 17:24:28.290223,5631,25425,39.872063,-77.477379,C-17A Globemaster,338,418,
ae4d67,RCH839,2025-05-24 17:24:28.290230,775,29000,40.121384,-73.690666,C-17A Globemaster,57,481,
ae1449,RCH045,2025-05-24 17:25:28.607498,7376,16150,33.570908,-116.347282,C-17A Globemaster,249,370,
ae145b,RCH813,2025-05-24 17:25:28.607519,3547,36975,38.098827,-103.142982,C-17A Globemaster,99,511,
c2b3d7,CFC4069,2025-05-24 17:25:28.607528,1774,37000,48.662521,-90.79052,C-17A Globemaster,110,459,245
ae10b5,RCH811,2025-05-24 17:25:28.607536,5631,26825,39.975037,-77.517899,C-17A Globemaster,342,387,
ae4d67,RCH839,2025-05-24 17:25:28.607543,775,29000,40.205204,-73.536087,C-17A Globemaster,54,492,
ae1449,RCH045,2025-05-24 17:26:28.961587,7376,16175,33.53582,-116.465675,C-17A Globemaster,250,375,
ae145b,RCH813,2025-05-24 17:26:28.961607,3547,37000,38.076118,-102.974388,C-17A Globemaster,99,477,
c2b3d7,CFC4069,2025-05-24 17:26:28.961616,1774,37000,48.617523,-90.60981,C-17A Globemaster,110,461,244
ae10b5,RCH811,2025-05-24 17:26:28.961624,5631,27975,40.07951,-77.561195,C-17A Globemaster,343,395,
ae4d67,RCH839,2025-05-24 17:26:28.961631,775,29000,40.268517,-73.385384,C-17A Globemaster,68,486,
ae1449,RCH045,2025-05-24 17:27:29.305072,7376,16100,33.499245,-116.583855,C-17A Globemaster,250,368,
ae145b,RCH813,2025-05-24 17:27:29.305092,3547,37000,38.051327,-102.790192,C-17A Globemaster,99,504,
c2b3d7,CFC4069,2025-05-24 17:27:29.305102,1774,37000,48.571487,-90.426224,C-17A Globemaster,110,466,245
ae10b5,RCH811,2025-05-24 17:27:29.305111,5631,29025,40.18766,-77.600594,C-17A Globemaster,344,386,
ae4d67,RCH839,2025-05-24 17:27:29.305118,775,29000,40.325024,-73.214653,C-17A Globemaster,67,473,
ae1449,RCH045,2025-05-24 17:28:30.040329,7376,13550,33.463573,-116.700974,C-17A Globemaster,251,387,
ae145b,RCH813,2025-05-24 17:28:30.040349,3547,37000,38.024578,-102.622849,C-17A Globemaster,101,510,
c2b3d7,CFC4069,2025-05-24 17:28:30.040358,1774,37000,48.525787,-90.245575,C-17A Globemaster,110,463,244
ae10b5,RCH811,2025-05-24 17:28:30.040365,5631,29975,40.287819,-77.641487,C-17A Globemaster,346,356,
ae4d67,RCH839,2025-05-24 17:28:30.040373,775,29000,40.374599,-73.057899,C-17A Globemaster,67,485,
ae1449,RCH045,2025-05-24 17:29:30.379572,7376,12750,33.454945,-116.813271,C-17A Globemaster,304,403,
ae145b,RCH813,2025-05-24 17:29:30.379592,3547,37000,38.004711,-102.452316,C-17A Globemaster,100,505,
c2b3d7,CFC4069,2025-05-24 17:29:30.379602,1774,37000,48.478592,-90.060638,C-17A Globemaster,111,465,245
ae10b5,RCH811,2025-05-24 17:29:30.379609,5631,30000,40.392242,-77.683319,C-17A Globemaster,343,387,
ae4d67,RCH839,2025-05-24 17:29:30.379617,775,29000,40.427776,-72.887886,C-17A Globemaster,67,497,
ae1449,RCH045,2025-05-24 17:30:30.771895,7376,11525,33.50959,-116.910843,C-17A Globemaster,301,338,
ae145b,RCH813,2025-05-24 17:30:30.771916,3547,37000,37.983238,-102.292374,C-17A Globemaster,100,496,
c2b3d7,CFC4069,2025-05-24 17:30:30.771926,1774,37000,48.431992,-89.879433,C-17A Globemaster,111,466,245
ae10b5,RCH811,2025-05-24 17:30:30.771933,5631,30000,40.494392,-77.724297,C-17A Globemaster,340,410,
ae4d67,RCH839,2025-05-24 17:30:30.771940,775,29000,40.478535,-72.725876,C-17A Globemaster,67,470,
ae1449,RCH045,2025-05-24 17:31:31.068202,7376,10400,33.556435,-116.998703,C-17A Globemaster,304,284,
ae145b,RCH813,2025-05-24 17:31:31.068218,3547,36975,37.950809,-102.09684,C-17A Globemaster,103,505,
c2b3d7,CFC4069,2025-05-24 17:31:31.068226,1774,37000,48.384888,-89.697662,C-17A Globemaster,111,465,244
ae10b5,RCH811,2025-05-24 17:31:31.068231,5631,30000,40.611801,-77.772339,C-17A Globemaster,343,425,
ae4d67,RCH839,2025-05-24 17:31:31.068238,775,29050,40.52887,-72.568726,C-17A Globemaster,67,480,
ae1449,RCH045,2025-05-24 17:32:31.451752,7376,8900,33.607838,-117.065933,C-17A Globemaster,330,294,
ae145b,RCH813,2025-05-24 17:32:31.451772,3547,37000,37.929256,-101.952499,C-17A Globemaster,99,500,
c2b3d7,CFC4069,2025-05-24 17:32:31.451781,1774,37000,48.337372,-89.515472,C-17A Globemaster,111,465,244
ae10b5,RCH811,2025-05-24 17:32:31.451788,5631,29975,40.724766,-77.815262,C-17A Globemaster,343,411,
ae4d67,RCH839,2025-05-24 17:32:31.451794,775,29675,40.580498,-72.40126,C-17A Globemaster,68,486,
ae1449,RCH045,2025-05-24 17:33:31.764830,7376,8525,33.677322,-117.113525,C-17A Globemaster,329,296,
ae145b,RCH813,2025-05-24 17:33:31.764846,3547,37000,37.8978,-101.763725,C-17A Globemaster,104,496,
c2b3d7,CFC4069,2025-05-24 17:33:31.764853,1774,37000,48.290131,-89.336174,C-17A Globemaster,111,464,245
ae10b5,RCH811,2025-05-24 17:33:31.764858,5631,30000,40.829586,-77.859978,C-17A Globemaster,342,388,
ae4d67,RCH839,2025-05-24 17:33:31.764866,775,30025,40.629818,-72.238152,C-17A Globemaster,68,486,
ae1449,RCH045,2025-05-24 17:34:32.148904,7376,7375,33.737553,-117.15696,C-17A Globemaster,331,162,
ae145b,RCH813,2025-05-24 17:34:32.148923,3547,37000,37.86882,-101.601471,C-17A Globemaster,100,488,
c2b3d7,CFC4069,2025-05-24 17:34:32.148933,1774,37000,48.242065,-89.155106,C-17A Globemaster,111,465,245
ae10b5,RCH811,2025-05-24 17:34:32.148939,5631,30000,40.941143,-77.903175,C-17A Globemaster,343,409,
ae4d67,RCH839,2025-05-24 17:34:32.148945,775,30725,40.675884,-72.090118,C-17A Globemaster,69,477,
ae1449,RCH045,2025-05-24 17:35:32.536001,7376,4550,33.783146,-117.1894,C-17A Globemaster,329,195,
ae145b,RCH813,2025-05-24 17:35:32.536019,3547,37000,37.839947,-101.400604,C-17A Globemaster,100,510,
c2b3d7,CFC4069,2025-05-24 17:35:32.536028,1774,37000,48.193726,-88.97419,C-17A Globemaster,111,464,244
ae10b5,RCH811,2025-05-24 17:35:32.536034,5631,30000,41.056606,-77.95015,C-17A Globemaster,344,424,
ae4d67,RCH839,2025-05-24 17:35:32.536040,775,31000,40.728268,-71.916229,C-17A Globemaster,68,482,
ae1449,RCH045,2025-05-24 17:36:32.981213,7376,2750,33.827446,-117.221481,C-17A Globemaster,333,163,
ae145b,RCH813,2025-05-24 17:36:32.981232,3547,37000,37.814938,-101.244385,C-17A Globemaster,103,486,
c2b3d7,CFC4069,2025-05-24 17:36:32.981241,1774,37000,48.145256,-88.794601,C-17A Globemaster,112,463,244
ae10b5,RCH811,2025-05-24 17:36:32.981247,5631,30000,41.163704,-77.992912,C-17A Globemaster,344,419,
ae4d67,RCH839,2025-05-24 17:36:32.981253,775,31000,40.780182,-71.743996,C-17A Globemaster,68,486,
ae1449,RCH045,2025-05-24 17:37:33.454868,7376,1800,33.855301,-117.24073,C-17A Globemaster,330,96,
ae145b,RCH813,2025-05-24 17:37:33.454887,3547,37000,37.783512,-101.063812,C-17A Globemaster,101,501,
c2b3d7,CFC4069,2025-05-24 17:37:33.454897,1774,37000,48.097073,-88.616638,C-17A Globemaster,112,465,245
ae10b5,RCH811,2025-05-24 17:37:33.454903,5631,30000,41.279549,-78.041267,C-17A Globemaster,344,426,
ae4d67,RCH839,2025-05-24 17:37:33.454909,775,31000,40.828823,-71.581001,C-17A Globemaster,69,483,
ae145b,RCH813,2025-05-24 17:38:33.795632,3547,36975,37.753544,-100.886238,C-17A Globemaster,102,492,
c2b3d7,CFC4069,2025-05-24 17:38:33.795652,1774,37000,48.047791,-88.436577,C-17A Globemaster,112,462,244
ae10b5,RCH811,2025-05-24 17:38:33.795659,5631,30000,41.392536,-78.087708,C-17A Globemaster,343,404,
ae4d67,RCH839,2025-05-24 17:38:33.795666,775,31000,40.877808,-71.434753,C-17A Globemaster,69,487,
ae145b,RCH813,2025-05-24 17:39:34.142688,3547,37000,37.726868,-100.726089,C-17A Globemaster,103,507,
c2b3d7,CFC4069,2025-05-24 17:39:34.142709,1774,37000,47.999268,-88.260849,C-17A Globemaster,112,460,244
ae10b5,RCH811,2025-05-24 17:39:34.142717,5631,30000,41.496223,-78.130203,C-17A Globemaster,344,419,
ae4d67,RCH839,2025-05-24 17:39:34.142723,775,31000,40.944324,-71.265434,C-17A Globemaster,49,476,
ae145b,RCH813,2025-05-24 17:40:34.506335,3547,37000,37.695831,-100.554443,C-17A Globemaster,104,509,
c2b3d7,CFC4069,2025-05-24 17:40:34.506355,1774,37000,47.949646,-88.082405,C-17A Globemaster,112,461,244
ae10b5,RCH811,2025-05-24 17:40:34.506363,5631,30000,41.612667,-78.179382,C-17A Globemaster,342,407,
ae4d67,RCH839,2025-05-24 17:40:34.506371,775,31000,41.018684,-71.130882,C-17A Globemaster,55,463,
ae145b,RCH813,2025-05-24 17:41:34.846793,3547,37000,37.664688,-100.387619,C-17A Globemaster,102,522,
c2b3d7,CFC4069,2025-05-24 17:41:34.846812,1774,37000,47.90007,-87.905045,C-17A Globemaster,112,460,
ae10b5,RCH811,2025-05-24 17:41:34.846819,5631,30000,41.726112,-78.225906,C-17A Globemaster,341,420,
ae4d67,RCH839,2025-05-24 17:41:34.846825,775,31000,41.095169,-70.988922,C-17A Globemaster,55,469,
ae145b,RCH813,2025-05-24 17:42:35.185647,3547,37000,37.636635,-100.203026,C-17A Globemaster,102,517,
c2b3d7,CFC4069,2025-05-24 17:42:35.185665,1774,37000,47.850632,-87.729538,C-17A Globemaster,112,462,
ae10b5,RCH811,2025-05-24 17:42:35.185671,5631,30000,41.826469,-78.267738,C-17A Globemaster,344,431,
ae4d67,RCH839,2025-05-24 17:42:35.185676,775,31000,41.178944,-70.840195,C-17A Globemaster,54,481,
ae145b,RCH813,2025-05-24 17:43:35.506105,3547,37000,37.603409,-100.033989,C-17A Globemaster,102,518,
c2b3d7,CFC4069,2025-05-24 17:43:35.506123,1774,37000,47.800552,-87.553001,C-17A Globemaster,112,463,
ae10b5,RCH811,2025-05-24 17:43:35.506131,5631,30375,41.942642,-78.316475,C-17A Globemaster,343,424,
ae4d67,RCH839,2025-05-24 17:43:35.506137,775,31000,41.256153,-70.698593,C-17A Globemaster,52,491,
ae145b,RCH813,2025-05-24 17:44:36.114022,3547,37000,37.573517,-99.860008,C-17A Globemaster,104,490,
c2b3d7,CFC4069,2025-05-24 17:44:36.114042,1774,37000,47.750492,-87.378349,C-17A Globemaster,112,462,
ae10b5,RCH811,2025-05-24 17:44:36.114049,5631,31775,42.055546,-78.364822,C-17A Globemaster,342,400,
ae4d67,RCH839,2025-05-24 17:44:36.114056,775,31000,41.334518,-70.555229,C-17A Globemaster,54,465,
ae145b,RCH813,2025-05-24 17:45:36.433253,3547,37000,37.543602,-99.684532,C-17A Globemaster,102,538,
c2b3d7,CFC4069,2025-05-24 17:45:36.433273,1774,37000,47.69902,-87.199379,C-17A Globemaster,113,464,
ae10b5,RCH811,2025-05-24 17:45:36.433281,5631,32000,42.158695,-78.40731,C-17A Globemaster,339,414,
ae4d67,RCH839,2025-05-24 17:45:36.433287,775,31000,41.411343,-70.411789,C-17A Globemaster,54,480,
ae145b,RCH813,2025-05-24 17:46:36.793586,3547,37000,37.515602,-99.49929,C-17A Globemaster,101,522,
c2b3d7,CFC4069,2025-05-24 17:46:36.793606,1774,37000,47.647751,-87.022636,C-17A Globemaster,113,464,
ae10b5,RCH811,2025-05-24 17:46:36.793614,5631,32000,42.276726,-78.457359,C-17A Globemaster,344,419,
ae4d67,RCH839,2025-05-24 17:46:36.793620,775,31000,41.489193,-70.267143,C-17A Globemaster,56,475,
ae145b,RCH813,2025-05-24 17:47:37.161084,3547,37000,37.478455,-99.328911,C-17A Globemaster,100,522,
c2b3d7,CFC4069,2025-05-24 17:47:37.161099,1774,37000,47.597031,-86.849602,C-17A Globemaster,113,462,
ae10b5,RCH811,2025-05-24 17:47:37.161104,5631,32000,42.382065,-78.500664,C-17A Globemaster,343,424,
ae4d67,RCH839,2025-05-24 17:47:37.161109,775,31000,41.567833,-70.123062,C-17A Globemaster,53,481,
ae145b,RCH813,2025-05-24 17:48:37.497166,3547,37000,37.445549,-99.154205,C-17A Globemaster,105,502,
c2b3d7,CFC4069,2025-05-24 17:48:37.497180,1774,37000,47.545151,-86.673187,C-17A Globemaster,113,463,
ae10b5,RCH811,2025-05-24 17:48:37.497186,5631,32000,42.504646,-78.555023,C-17A Globemaster,342,427,
ae4d67,RCH839,2025-05-24 17:48:37.497190,775,31000,41.645996,-69.985435,C-17A Globemaster,54,483,
ae145b,RCH813,2025-05-24 17:49:37.802815,3547,37000,37.420425,-99.022438,C-17A Globemaster,101,495,
c2b3d7,CFC4069,2025-05-24 17:49:37.802835,1774,37000,47.493713,-86.499687,C-17A Globemaster,113,460,
ae10b5,RCH811,2025-05-24 17:49:37.802842,5631,32000,42.617912,-78.603546,C-17A Globemaster,344,434,
ae4d67,RCH839,2025-05-24 17:49:37.802848,775,31000,41.720764,-69.848404,C-17A Globemaster,54,459,
ae145b,RCH813,2025-05-24 17:50:38.156582,3547,37000,37.383808,-98.814072,C-17A Globemaster,103,506,
c2b3d7,CFC4069,2025-05-24 17:50:38.156600,1774,37000,47.44241,-86.328033,C-17A Globemaster,113,461,
ae10b5,RCH811,2025-05-24 17:50:38.156607,5631,32000,42.728085,-78.648415,C-17A Globemaster,340,403,
ae4d67,RCH839,2025-05-24 17:50:38.156613,775,31025,41.791248,-69.714729,C-17A Globemaster,54,478,
ae145b,RCH813,2025-05-24 17:51:38.487380,3547,37000,37.347885,-98.632233,C-17A Globemaster,104,507,
c2b3d7,CFC4069,2025-05-24 17:51:38.487400,1774,37000,47.389946,-86.153374,C-17A Globemaster,114,464,
ae10b5,RCH811,2025-05-24 17:51:38.487407,5631,32000,42.835964,-78.696976,C-17A Globemaster,341,404,
ae4d67,RCH839,2025-05-24 17:51:38.487413,775,31000,41.867496,-69.557671,C-17A Globemaster,53,476,
ae145b,RCH813,2025-05-24 17:52:38.841919,3547,37000,37.313393,-98.457367,C-17A Globemaster,102,531,
c2b3d7,CFC4069,2025-05-24 17:52:38.841937,1774,37000,47.336922,-85.978302,C-17A Globemaster,114,465,
ae10b5,RCH811,2025-05-24 17:52:38.841943,5631,32000,42.943443,-78.757683,C-17A Globemaster,328,394,
ae4d67,RCH839,2025-05-24 17:52:38.841950,775,31000,41.960125,-69.433998,C-17A Globemaster,58,480,
ae145b,RCH813,2025-05-24 17:53:39.177212,3547,37000,37.281387,-98.288506,C-17A Globemaster,103,508,
c2b3d7,CFC4069,2025-05-24 17:53:39.177232,1774,37000,47.284241,-85.805695,C-17A Globemaster,114,465,
ae10b5,RCH811,2025-05-24 17:53:39.177238,5631,32850,43.010838,-78.873642,C-17A Globemaster,307,415,
ae20c6,RCH878,2025-05-24 17:53:39.177248,3407,3275,43.191406,-70.896454,C-17A Globemaster,351,261,
ae4d67,RCH839,2025-05-24 17:53:39.177253,775,31000,42.025372,-69.255699,C-17A Globemaster,54,473,
ae145b,RCH813,2025-05-24 17:54:39.582043,3547,37000,37.249008,-98.119667,C-17A Globemaster,102,505,
c2b3d7,CFC4069,2025-05-24 17:54:39.582062,1774,37000,47.230366,-85.630539,C-17A Globemaster,114,464,
ae10b5,RCH811,2025-05-24 17:54:39.582069,5631,34000,43.080227,-78.998421,C-17A Globemaster,306,396,
ae20c6,RCH878,2025-05-24 17:54:39.582075,3407,5225,43.247833,-70.835312,C-17A Globemaster,45,261,
ae4d67,RCH839,2025-05-24 17:54:39.582081,775,31000,42.102966,-69.103111,C-17A Globemaster,58,476,
ae145b,RCH813,2025-05-24 17:55:39.910379,3547,37000,37.20816,-97.949806,C-17A Globemaster,105,504,
c2b3d7,CFC4069,2025-05-24 17:55:39.910397,1774,37000,47.176735,-85.457008,C-17A Globemaster,114,465,
ae10b5,RCH811,2025-05-24 17:55:39.910405,5631,34000,43.157425,-79.114075,C-17A Globemaster,315,401,
ae20c6,RCH878,2025-05-24 17:55:39.910411,3407,7100,43.305058,-70.763405,C-17A Globemaster,43,279,
ae4d67,RCH839,2025-05-24 17:55:39.910416,775,31000,42.172966,-68.959465,C-17A Globemaster,55,473,
ae145b,RCH813,2025-05-24 17:56:40.282306,3547,37000,37.177738,-97.777733,C-17A Globemaster,103,500,
c2b3d7,CFC4069,2025-05-24 17:56:40.282324,1774,37000,47.122513,-85.282883,C-17A Globemaster,114,466,
ae10b5,RCH811,2025-05-24 17:56:40.282331,5631,34000,43.237823,-79.224632,C-17A Globemaster,315,416,
ae20c6,RCH878,2025-05-24 17:56:40.282337,3407,9025,43.364464,-70.690208,C-17A Globemaster,40,291,
ae4d67,RCH839,2025-05-24 17:56:40.282342,775,31000,42.233692,-68.848175,C-17A Globemaster,54,467,
ae145b,RCH813,2025-05-24 17:57:40.607266,3547,37000,37.140705,-97.60141,C-17A Globemaster,104,492,
c2b3d7,CFC4069,2025-05-24 17:57:40.607284,1774,37000,47.068783,-85.111435,C-17A Globemaster,114,466,
ae10b5,RCH811,2025-05-24 17:57:40.607292,5631,34000,43.319401,-79.338028,C-17A Globemaster,315,422,
ae20c6,RCH878,2025-05-24 17:57:40.607298,3407,10300,43.426548,-70.611298,C-17A Globemaster,42,319,
ae4d67,RCH839,2025-05-24 17:57:40.607304,775,31000,42.324883,-68.664436,C-17A Globemaster,56,478,
ae145b,RCH813,2025-05-24 17:58:40.966877,3547,37000,37.111111,-97.430878,C-17A Globemaster,104,512,
c2b3d7,CFC4069,2025-05-24 17:58:40.966895,1774,37000,47.019745,-84.955833,C-17A Globemaster,114,467,
ae10b5,RCH811,2025-05-24 17:58:40.966902,5631,33975,43.399799,-79.450729,C-17A Globemaster,313,418,
ae20c6,RCH878,2025-05-24 17:58:40.966908,3407,11350,43.474564,-70.504333,C-17A Globemaster,55,349,
ae4d67,RCH839,2025-05-24 17:58:40.966914,775,31000,42.39798,-68.529282,C-17A Globemaster,56,471,
ae145b,RCH813,2025-05-24 17:59:41.280324,3547,37000,37.075722,-97.257416,C-17A Globemaster,103,507,
c2b3d7,CFC4069,2025-05-24 17:59:41.280342,1774,37000,46.96756,-84.791588,C-17A Globemaster,115,464,
ae10b5,RCH811,2025-05-24 17:59:41.280350,5631,34000,43.480095,-79.563614,C-17A Globemaster,315,426,
ae20c6,RCH878,2025-05-24 17:59:41.280356,3407,13225,43.529282,-70.384392,C-17A Globemaster,59,360,
ae4d67,RCH839,2025-05-24 17:59:41.280361,775,31000,42.467995,-68.388901,C-17A Globemaster,55,467,
ae145b,RCH813,2025-05-24 18:00:41.629393,3547,37000,37.043083,-97.10038,C-17A Globemaster,105,502,
c2b3d7,CFC4069,2025-05-24 18:00:41.629410,1774,37000,46.930252,-84.675133,C-17A Globemaster,115,468,
ae10b5,RCH811,2025-05-24 18:00:41.629417,5631,34000,43.567829,-79.687538,C-17A Globemaster,315,429,
ae20c6,RCH878,2025-05-24 18:00:41.629427,3407,14800,43.582249,-70.2658,C-17A Globemaster,59,367,
ae4d67,RCH839,2025-05-24 18:00:41.629433,775,31475,42.532993,-68.252563,C-17A Globemaster,59,454,
ae145b,RCH813,2025-05-24 18:01:42.026676,3547,37000,37.003246,-96.922096,C-17A Globemaster,104,502,
c2b3d7,CFC4069,2025-05-24 18:01:42.026695,1774,37000,46.858154,-84.450829,C-17A Globemaster,115,469,
ae10b5,RCH811,2025-05-24 18:01:42.026702,5631,34000,43.647629,-79.800903,C-17A Globemaster,315,412,
ae20c6,RCH878,2025-05-24 18:01:42.026708,3407,16225,43.636223,-70.147141,C-17A Globemaster,58,369,
ae4d67,RCH839,2025-05-24 18:01:42.026713,775,32325,42.578381,-68.154549,C-17A Globemaster,62,457,
ae145b,RCH813,2025-05-24 18:02:42.386974,3547,37000,36.970833,-96.752419,C-17A Globemaster,105,500,
c2b3d7,CFC4069,2025-05-24 18:02:42.386991,1774,37000,46.803223,-84.281143,C-17A Globemaster,115,468,
ae10b5,RCH811,2025-05-24 18:02:42.386998,5631,34000,43.728436,-79.915733,C-17A Globemaster,314,427,
ae20c6,RCH878,2025-05-24 18:02:42.387004,3407,17475,43.691227,-70.021805,C-17A Globemaster,59,386,
ae4d67,RCH839,2025-05-24 18:02:42.387010,775,32850,42.622704,-68.075478,C-17A Globemaster,53,447,
ae145b,RCH813,2025-05-24 18:03:42.773831,3547,37000,36.935101,-96.581535,C-17A Globemaster,105,509,
c2b3d7,CFC4069,2025-05-24 18:03:42.773849,1774,37000,46.795715,-84.258034,C-17A Globemaster,115,467,
ae10b5,RCH811,2025-05-24 18:03:42.773856,5631,33975,43.814808,-80.040291,C-17A Globemaster,314,422,
ae20c6,RCH878,2025-05-24 18:03:42.773862,3407,18875,43.747089,-69.89579,C-17A Globemaster,59,389,
ae4d67,RCH839,2025-05-24 18:03:42.773868,775,33000,42.749424,-67.816521,C-17A Globemaster,,,
ae145b,RCH813,2025-05-24 18:04:43.148310,3547,37000,36.898987,-96.41349,C-17A Globemaster,105,506,
ae10b5,RCH811,2025-05-24 18:04:43.148331,5631,34000,43.899391,-80.163681,C-17A Globemaster,312,446,
ae20c6,RCH878,2025-05-24 18:04:43.148339,3407,19900,43.805611,-69.762543,C-17A Globemaster,59,404,
ae4d67,RCH839,2025-05-24 18:04:43.148345,775,33000,42.806526,-67.70491,C-17A Globemaster,58,454,
ae145b,RCH813,2025-05-24 18:05:43.508057,3547,37000,36.864265,-96.243828,C-17A Globemaster,104,499,
ae10b5,RCH811,2025-05-24 18:05:43.508078,5631,34000,43.980495,-80.279854,C-17A Globemaster,314,429,
ae20c6,RCH878,2025-05-24 18:05:43.508086,3407,21150,43.864189,-69.628723,C-17A Globemaster,58,403,
ae4d67,RCH839,2025-05-24 18:05:43.508092,775,33000,42.837936,-67.643669,C-17A Globemaster,57,442,
ae145b,RCH813,2025-05-24 18:06:43.874455,3547,37000,36.826347,-96.072769,C-17A Globemaster,105,498,
ae10b5,RCH811,2025-05-24 18:06:43.874476,5631,34000,44.064373,-80.400681,C-17A Globemaster,312,445,
ae20c6,RCH878,2025-05-24 18:06:43.874484,3407,22175,43.921684,-69.498466,C-17A Globemaster,58,417,
ae4d67,RCH839,2025-05-24 18:06:43.874489,775,33000,42.964542,-67.401161,C-17A Globemaster,46,448,
ae145b,RCH813,2025-05-24 18:07:44.226275,3547,37000,36.781303,-95.906082,C-17A Globemaster,112,496,
c2b3d7,CFC4069,2025-05-24 18:07:44.226294,,37000,46.54274,-83.49218,C-17A Globemaster,115,464,
ae10b5,RCH811,2025-05-24 18:07:44.226300,5631,34000,44.141731,-80.518272,C-17A Globemaster,313,427,
ae20c6,RCH878,2025-05-24 18:07:44.226306,3407,23125,43.98053,-69.363174,C-17A Globemaster,59,428,
ae145b,RCH813,2025-05-24 18:08:44.648867,3547,37000,36.735798,-95.743309,C-17A Globemaster,111,494,
c2b3d7,CFC4069,2025-05-24 18:08:44.648887,,37000,46.492584,-83.342819,C-17A Globemaster,116,464,
ae10b5,RCH811,2025-05-24 18:08:44.648896,5631,34000,44.23074,-80.646782,C-17A Globemaster,313,440,
ae20c6,RCH878,2025-05-24 18:08:44.648903,3407,24325,44.042789,-69.221664,C-17A Globemaster,58,439,
ae145b,RCH813,2025-05-24 18:09:44.988905,3547,37000,36.692387,-95.586563,C-17A Globemaster,106,484,
c2b3d7,CFC4069,2025-05-24 18:09:44.988918,1774,37000,46.412842,-83.107483,C-17A Globemaster,116,466,
ae10b5,RCH811,2025-05-24 18:09:44.988923,5631,34000,44.315781,-80.773773,C-17A Globemaster,312,440,
ae20c6,RCH878,2025-05-24 18:09:44.988928,3407,25100,44.101898,-69.082237,C-17A Globemaster,60,450,
ae4d67,RCH839,2025-05-24 18:09:44.988932,775,33000,43.137264,-67.035034,C-17A Globemaster,,,
ae145b,RCH813,2025-05-24 18:10:45.333206,3547,37000,36.645256,-95.427322,C-17A Globemaster,111,503,
c2b3d7,CFC4069,2025-05-24 18:10:45.333223,1774,37000,46.340103,-82.894394,C-17A Globemaster,116,465,
ae10b5,RCH811,2025-05-24 18:10:45.333229,5631,34000,44.402107,-80.902306,C-17A Globemaster,314,441,
ae20c6,RCH878,2025-05-24 18:10:45.333235,3407,25725,44.163845,-68.941063,C-17A Globemaster,58,425,
ae4d67,RCH839,2025-05-24 18:10:45.333239,775,33000,43.226818,-66.902885,C-17A Globemaster,54,402,
ae145b,RCH813,2025-05-24 18:11:45.662687,3547,37000,36.598461,-95.261795,C-17A Globemaster,110,496,
c2b3d7,CFC4069,2025-05-24 18:11:45.662711,1774,37000,46.284096,-82.731651,C-17A Globemaster,116,466,
ae10b5,RCH811,2025-05-24 18:11:45.662719,5631,34000,44.481167,-81.020332,C-17A Globemaster,314,443,
ae20c6,RCH878,2025-05-24 18:11:45.662726,3407,26325,44.222855,-68.799446,C-17A Globemaster,60,426,
ae145b,RCH813,2025-05-24 18:12:46.039683,3547,37000,36.548306,-95.094582,C-17A Globemaster,110,505,
c2b3d7,CFC4069,2025-05-24 18:12:46.039708,1774,37000,46.224472,-82.559311,C-17A Globemaster,116,464,
ae10b5,RCH811,2025-05-24 18:12:46.039716,5631,34000,44.568943,-81.148094,C-17A Globemaster,313,442,
ae20c6,RCH878,2025-05-24 18:12:46.039724,3407,26975,44.282864,-68.6576,C-17A Globemaster,61,439,
ae145b,RCH813,2025-05-24 18:13:46.392801,3547,37000,36.503468,-94.937775,C-17A Globemaster,112,499,
c2b3d7,CFC4069,2025-05-24 18:13:46.392819,1774,37000,46.166153,-82.392235,C-17A Globemaster,116,466,
ae10b5,RCH811,2025-05-24 18:13:46.392825,5631,34000,44.648212,-81.270332,C-17A Globemaster,311,453,
ae20c6,RCH878,2025-05-24 18:13:46.392830,3407,27125,44.347088,-68.506912,C-17A Globemaster,58,453,
ae4d67,RCH839,2025-05-24 18:13:46.392835,775,33000,43.516392,-66.408821,C-17A Globemaster,,,
ae145b,RCH813,2025-05-24 18:14:46.788894,3547,37000,36.454647,-94.771957,C-17A Globemaster,111,493,
c2b3d7,CFC4069,2025-05-24 18:14:46.788913,1774,37000,46.107525,-82.224838,C-17A Globemaster,116,464,
ae10b5,RCH811,2025-05-24 18:14:46.788919,5631,34000,44.736786,-81.40448,C-17A Globemaster,306,452,
ae20c6,RCH878,2025-05-24 18:14:46.788925,3407,27925,44.412338,-68.351173,C-17A Globemaster,59,461,
ae4d67,RCH839,2025-05-24 18:14:46.788930,775,33000,43.574421,-66.359032,C-17A Globemaster,,,
ae145b,RCH813,2025-05-24 18:15:47.317356,3547,37000,36.406693,-94.615242,C-17A Globemaster,111,491,
c2b3d7,CFC4069,2025-05-24 18:15:47.317376,1774,37000,46.049519,-82.060387,C-17A Globemaster,117,464,
ae10b5,RCH811,2025-05-24 18:15:47.317383,5631,33975,44.820724,-81.530289,C-17A Globemaster,313,440,
ae20c6,RCH878,2025-05-24 18:15:47.317390,3407,28875,44.476089,-68.198792,C-17A Globemaster,59,443,
ae4d67,RCH839,2025-05-24 18:15:47.317396,775,33000,43.688404,-66.140701,C-17A Globemaster,,,
ae1196,RCH333,2025-05-24 20:45:53.788651,3456,30325,33.833839,-88.67981,C-17A Globemaster,217,445,
ae49c4,RCH437,2025-05-24 20:45:53.788680,771,22925,34.946419,-79.831039,C-17A Globemaster,32,427,
ae07e5,RCH849,2025-05-24 20:45:53.788690,727,32000,36.045235,-78.921791,C-17A Globemaster,38,488,
