hex,datetime,callsign,tail number,squawk,altitude,latitude,longitude,type,heading,ground speed,vertical rate,emergency,source
ae11ea,2026-05-25 23:28:46.034676,UNK C/S,80-0137,Unavailable,17200,62.351753,-148.888809,E-3G AWACS,,,,False,mlat
ae1171,2026-05-25 23:28:46.034709,RCH125,02-1099,3256,34000,36.449844,-126.975479,C-17A Globemaster,251,449,128,False,adsb_icao
ae04c5,2026-05-25 23:28:46.034720,UNK C/S,59-1476,1565,30975,41.546722,-114.669487,KC-135R Stratotanker,165,471,,False,adsb_icao
ae07a8,2026-05-25 23:28:46.034725,UNK C/S,59-1508,7442,31250,38.200645,-113.612328,KC-135R Stratotanker,,,-1254,False,mlat
adfeb3,2026-05-25 23:28:46.034743,VCTRY01,73-1676,1623,2925,38.635712,-76.869965,E-4B Nightwatch,359,161,,False,adsb_icao
ae123a,2026-05-25 23:28:46.034751,RCH530,04-4128,0700,9300,14.611679,-17.310665,C-17A Globemaster,226,320,,False,adsb_icao
ae2fa7,2026-05-25 23:28:46.034756,RCH466,08-8195,0634,30000,50.834793,-4.36996,C-17A Globemaster,251,466,0,False,adsb_icao
ae0363,2026-05-25 23:28:46.034764,UNK C/S,60-0341,4131,20200,44.254234,25.326033,KC-135R Stratotanker,234,417,2240,False,adsb_icao
ae04e1,2026-05-25 23:28:46.034769,UNK C/S,58-0120,4137,13125,44.409817,25.6203,KC-135R Stratotanker,235,355,2239,False,mlat
06a249,2026-05-25 23:28:46.034774,LHOB270,A7-MAB,2056,24000,36.708389,27.8825,C-17A Globemaster,335,448,-1280,False,adsb_icao
ae1468,2026-05-25 23:28:46.034779,MOOSE68,07-7170,4403,34000,31.8,33.2,C-17A Globemaster,,,,False,mode_s
aed555,2026-05-25 23:28:46.034785,UNK C/S,19-46110,1701,25000,37.0,-124.5,KC-46A Pegasus,,,,False,mode_s
ae013e,2026-05-25 23:28:46.034794,UNK C/S,63-7981,5366,22000,31.5,33.9,KC-135R Stratotanker,149,432,-160,False,mode_s
ae4f12,2026-05-25 23:28:46.034798,MOOSE67,10-0218,7424,33050,36.8,27.6,C-17A Globemaster,,,,False,mode_s
ae2faa,2026-05-25 23:28:46.034805,UNK C/S,08-8198,2664,28000,22.1,-155.0,C-17A Globemaster,,,,False,mode_s
ae49c2,2026-05-25 23:28:46.034809,RCH525,09-9206,6623,35000,4.9,-0.1,C-17A Globemaster,,,,False,mode_s
ae07a9,2026-05-25 23:28:46.034813,UNK C/S,59-1515,4000,26000,37.0,-124.6,KC-135R Stratotanker,,,,False,mode_s
ae5fac,2026-05-25 23:28:46.034817,UNK C/S,19-46065,0711,17000,25.2,56.5,KC-46A Pegasus,,,,False,mode_s
ae0421,2026-05-25 23:28:46.034821,UNK C/S,58-0089,1744,25450,36.9,-124.1,KC-135R Stratotanker,,,,False,mode_s
ae4d69,2026-05-25 23:28:46.034829,RCH185,10-0216,1140,34000,34.0,32.9,C-17A Globemaster,,,,False,mode_s
ae0696,2026-05-25 23:28:46.034832,UNK C/S,63-8884,Unavailable,25000,50.5,-119.2,KC-135R Stratotanker,,,,False,mode_s
ae07cf,2026-05-25 23:28:46.034836,MOOSE40,89-1191,3416,34000,32.2,33.4,C-17A Globemaster,,,,False,mode_s
ae11ea,2026-05-25 23:29:47.456076,UNK C/S,80-0137,Unavailable,Unavailable,62.265789,-148.957504,E-3G AWACS,200,342,-1039,False,mlat
ae1171,2026-05-25 23:29:47.456104,RCH125,02-1099,3256,34000,36.407063,-127.122513,C-17A Globemaster,250,449,0,False,adsb_icao
ae04c5,2026-05-25 23:29:47.456113,UNK C/S,59-1476,1565,31000,41.415344,-114.624664,KC-135R Stratotanker,165,471,,False,adsb_icao
ae07a8,2026-05-25 23:29:47.456119,UNK C/S,59-1508,7442,29775,38.077354,-113.558113,KC-135R Stratotanker,,,-1650,False,mlat
adfeb3,2026-05-25 23:29:47.456140,VCTRY01,73-1676,1623,2400,38.680298,-76.870087,E-4B Nightwatch,359,156,,False,adsb_icao
ae123a,2026-05-25 23:29:47.456154,RCH530,04-4128,0700,10425,14.544223,-17.38331,C-17A Globemaster,226,356,,False,adsb_icao
ae2fa7,2026-05-25 23:29:47.456161,RCH466,08-8195,0634,30000,50.792633,-4.569199,C-17A Globemaster,251,468,-64,False,adsb_icao
ae0363,2026-05-25 23:29:47.456170,UNK C/S,60-0341,4131,22575,44.246841,25.311649,KC-135R Stratotanker,234,420,2368,False,adsb_icao
ae04e1,2026-05-25 23:29:47.456174,UNK C/S,58-0120,4137,15825,44.347305,25.498861,KC-135R Stratotanker,234,386,2648,False,mlat
06a249,2026-05-25 23:29:47.456180,LHOB270,A7-MAB,2056,21700,36.820866,27.819078,C-17A Globemaster,335,432,-2208,False,adsb_icao
ae1468,2026-05-25 23:29:47.456186,MOOSE68,07-7170,4403,34000,30.9,33.9,C-17A Globemaster,,,,False,mode_s
aed555,2026-05-25 23:29:47.456192,UNK C/S,19-46110,1701,25000,37.9,-124.0,KC-46A Pegasus,,,,False,mode_s
ae013e,2026-05-25 23:29:47.456200,UNK C/S,63-7981,3425,22000,31.3,33.9,KC-135R Stratotanker,148,442,32,False,mode_s
ae4f12,2026-05-25 23:29:47.456205,MOOSE67,10-0218,7424,33025,36.7,27.6,C-17A Globemaster,,,,False,mode_s
ae2faa,2026-05-25 23:29:47.456211,UNK C/S,08-8198,2664,28000,21.9,-154.7,C-17A Globemaster,,,,False,mode_s
ae49c2,2026-05-25 23:29:47.456216,RCH525,09-9206,6623,35000,4.9,-0.1,C-17A Globemaster,,,,False,mode_s
ae07a9,2026-05-25 23:29:47.456219,UNK C/S,59-1515,4000,26000,37.0,-124.5,KC-135R Stratotanker,,,,False,mode_s
ae5fac,2026-05-25 23:29:47.456224,UNK C/S,19-46065,0711,17000,25.1,56.4,KC-46A Pegasus,,,,False,mode_s
ae0421,2026-05-25 23:29:47.456228,UNK C/S,58-0089,1744,25450,37.7,-124.0,KC-135R Stratotanker,,,,False,mode_s
ae4d69,2026-05-25 23:29:47.456235,RCH185,10-0216,1140,34000,33.2,32.7,C-17A Globemaster,,,,False,mode_s
ae0696,2026-05-25 23:29:47.456239,UNK C/S,63-8884,Unavailable,24975,50.0,-118.9,KC-135R Stratotanker,,,,False,mode_s
ae07cf,2026-05-25 23:29:47.456242,MOOSE40,89-1191,3416,34000,31.8,33.6,C-17A Globemaster,,,,False,mode_s
ae11ea,2026-05-25 23:30:48.984373,UNK C/S,80-0137,Unavailable,15275,62.171768,-149.034195,E-3G AWACS,201,322,-917,False,mlat
ae1171,2026-05-25 23:30:48.984393,RCH125,02-1099,3256,34000,36.363071,-127.273048,C-17A Globemaster,250,452,-64,False,adsb_icao
ae04c5,2026-05-25 23:30:48.984400,UNK C/S,59-1476,1565,31000,41.286346,-114.580872,KC-135R Stratotanker,165,471,,False,adsb_icao
ae07a8,2026-05-25 23:30:48.984404,UNK C/S,59-1508,7442,28550,37.951977,-113.51342,KC-135R Stratotanker,168,429,-1219,False,mlat
adfeb3,2026-05-25 23:30:48.984416,VCTRY01,73-1676,1623,1575,38.722103,-76.870361,E-4B Nightwatch,0,144,,False,adsb_icao
ae123a,2026-05-25 23:30:48.984422,RCH530,04-4128,0700,11175,14.469739,-17.463636,C-17A Globemaster,226,392,,False,adsb_icao
ae2fa7,2026-05-25 23:30:48.984427,RCH466,08-8195,0634,30000,50.750504,-4.766388,C-17A Globemaster,251,467,64,False,adsb_icao
ae04e1,2026-05-25 23:30:48.984433,UNK C/S,58-0120,4137,18225,44.282875,25.372253,KC-135R Stratotanker,236,405,2146,False,mlat
06a249,2026-05-25 23:30:48.984437,LHOB270,A7-MAB,2056,19500,36.93306,27.755848,C-17A Globemaster,335,425,-1824,False,adsb_icao
ae1468,2026-05-25 23:30:48.984441,MOOSE68,07-7170,4403,34000,30.9,33.9,C-17A Globemaster,,,,False,mode_s
aed555,2026-05-25 23:30:48.984445,UNK C/S,19-46110,Unavailable,25000,37.9,-123.6,KC-46A Pegasus,,,,False,mode_s
ae013e,2026-05-25 23:30:48.984452,UNK C/S,63-7981,3425,22000,31.0,33.9,KC-135R Stratotanker,149,442,0,False,mode_s
ae4f12,2026-05-25 23:30:48.984456,MOOSE67,10-0218,7424,33025,36.7,27.7,C-17A Globemaster,,,,False,mode_s
ae2faa,2026-05-25 23:30:48.984462,UNK C/S,08-8198,2664,28000,22.1,-155.0,C-17A Globemaster,,,,False,mode_s
ae49c2,2026-05-25 23:30:48.984465,RCH525,09-9206,6623,35000,4.9,-0.1,C-17A Globemaster,,,,False,mode_s
ae07a9,2026-05-25 23:30:48.984469,UNK C/S,59-1515,Unavailable,26000,37.7,-124.2,KC-135R Stratotanker,,,,False,mode_s
ae5fac,2026-05-25 23:30:48.984473,UNK C/S,19-46065,0711,17000,25.2,56.5,KC-46A Pegasus,,,,False,mode_s
ae0421,2026-05-25 23:30:48.984477,UNK C/S,58-0089,1744,25450,38.0,-123.9,KC-135R Stratotanker,,,,False,mode_s
ae4d69,2026-05-25 23:30:48.984481,RCH185,10-0216,1140,34000,33.2,32.9,C-17A Globemaster,,,,False,mode_s
ae0696,2026-05-25 23:30:48.984485,UNK C/S,63-8884,3477,25000,50.0,-118.9,KC-135R Stratotanker,,,,False,mode_s
ae0363,2026-05-25 23:30:48.984488,UNK C/S,60-0341,4131,24775,44.1,25.1,KC-135R Stratotanker,234,442,2496,False,mode_s
ae07cf,2026-05-25 23:30:48.984491,MOOSE40,89-1191,3416,34000,32.2,33.3,C-17A Globemaster,,,,False,mode_s
ae11ea,2026-05-25 23:31:50.315917,UNK C/S,80-0137,Unavailable,14275,62.083557,-149.101364,E-3G AWACS,200,325,-989,False,mlat
ae1171,2026-05-25 23:31:50.315927,RCH125,02-1099,3256,34000,36.32164,-127.414528,C-17A Globemaster,250,451,0,False,adsb_icao
ae04c5,2026-05-25 23:31:50.315931,UNK C/S,59-1476,1565,31000,41.154644,-114.536278,KC-135R Stratotanker,165,468,,False,adsb_icao
ae07a8,2026-05-25 23:31:50.315933,UNK C/S,59-1508,7442,28025,37.843472,-113.563065,KC-135R Stratotanker,218,450,-278,False,mlat
adfeb3,2026-05-25 23:31:50.315939,VCTRY01,73-1676,1623,800,38.764885,-76.870483,E-4B Nightwatch,359,149,,False,adsb_icao
ae123a,2026-05-25 23:31:50.315943,RCH530,04-4128,0700,12600,14.38916,-17.550138,C-17A Globemaster,226,402,,False,adsb_icao
ae2fa7,2026-05-25 23:31:50.315945,RCH466,08-8195,0634,30000,50.706886,-4.968719,C-17A Globemaster,251,467,0,False,adsb_icao
ae0363,2026-05-25 23:31:50.315948,UNK C/S,60-0341,4131,26725,44.044632,24.920439,KC-135R Stratotanker,234,454,1888,False,mlat
ae04e1,2026-05-25 23:31:50.315950,UNK C/S,58-0120,4137,20550,44.216064,25.244108,KC-135R Stratotanker,234,419,2456,False,mlat
06a249,2026-05-25 23:31:50.315953,LHOB270,A7-MAB,2056,17875,37.043518,27.69367,C-17A Globemaster,335,414,-1408,False,adsb_icao
ae1468,2026-05-25 23:31:50.315955,MOOSE68,07-7170,4403,34000,31.8,33.2,C-17A Globemaster,,,,False,mode_s
aed555,2026-05-25 23:31:50.315957,UNK C/S,19-46110,1701,25000,37.6,-123.7,KC-46A Pegasus,,,,False,mode_s
ae4f12,2026-05-25 23:31:50.315960,MOOSE67,10-0218,7424,33025,36.8,27.6,C-17A Globemaster,,,,False,mode_s
ae2faa,2026-05-25 23:31:50.315963,UNK C/S,08-8198,2664,28000,22.0,-154.9,C-17A Globemaster,,,,False,mode_s
ae49c2,2026-05-25 23:31:50.315964,RCH525,09-9206,6623,35000,4.9,-0.1,C-17A Globemaster,,,,False,mode_s
ae07a9,2026-05-25 23:31:50.315966,UNK C/S,59-1515,4000,26000,38.1,-124.0,KC-135R Stratotanker,,,,False,mode_s
ae5fac,2026-05-25 23:31:50.315968,UNK C/S,19-46065,0711,17000,25.5,57.7,KC-46A Pegasus,,,,False,mode_s
ae0421,2026-05-25 23:31:50.315969,UNK C/S,58-0089,1744,25475,38.2,-123.9,KC-135R Stratotanker,,,,False,mode_s
ae4d69,2026-05-25 23:31:50.315972,RCH185,10-0216,1140,34000,33.0,32.5,C-17A Globemaster,,,,False,mode_s
ae0696,2026-05-25 23:31:50.315973,UNK C/S,63-8884,3477,25000,50.5,-119.2,KC-135R Stratotanker,,,,False,mode_s
ae07cf,2026-05-25 23:31:50.315975,MOOSE40,89-1191,3416,34000,32.3,33.3,C-17A Globemaster,,,,False,mode_s
ae11ea,2026-05-25 23:32:51.687089,UNK C/S,80-0137,Unavailable,13575,61.994267,-149.170242,E-3G AWACS,199,322,-729,False,mlat
ae1171,2026-05-25 23:32:51.687117,RCH125,02-1099,3256,34000,36.280289,-127.555046,C-17A Globemaster,249,452,0,False,adsb_icao
ae04c5,2026-05-25 23:32:51.687131,UNK C/S,59-1476,1565,30975,41.027699,-114.493454,KC-135R Stratotanker,165,468,,False,adsb_icao
ae07a8,2026-05-25 23:32:51.687136,UNK C/S,59-1508,7442,28000,37.739994,-113.629387,KC-135R Stratotanker,207,414,-75,False,mlat
adfeb3,2026-05-25 23:32:51.687164,VCTRY01,73-1676,1623,200,38.796356,-76.870605,E-4B Nightwatch,359,146,,False,adsb_icao
ae123a,2026-05-25 23:32:51.687175,RCH530,04-4128,0700,13950,14.311368,-17.633442,C-17A Globemaster,226,409,,False,adsb_icao
ae2fa7,2026-05-25 23:32:51.687184,RCH466,08-8195,0634,30000,50.66423,-5.164442,C-17A Globemaster,250,466,0,False,adsb_icao
ae0363,2026-05-25 23:32:51.687197,UNK C/S,60-0341,4131,27000,43.962017,24.761045,KC-135R Stratotanker,234,464,32,False,mlat
ae04e1,2026-05-25 23:32:51.687202,UNK C/S,58-0120,4137,22700,44.144753,25.108025,KC-135R Stratotanker,234,418,2191,False,mlat
06a249,2026-05-25 23:32:51.687211,LHOB270,A7-MAB,2056,16200,37.148964,27.634138,C-17A Globemaster,335,408,-1632,False,adsb_icao
ae1468,2026-05-25 23:32:51.687219,MOOSE68,07-7170,4403,34000,32.8,33.8,C-17A Globemaster,,,,False,mode_s
aed555,2026-05-25 23:32:51.687225,UNK C/S,19-46110,1701,25000,38.1,-123.7,KC-46A Pegasus,,,,False,mode_s
ae4f12,2026-05-25 23:32:51.687238,MOOSE67,10-0218,7424,33025,36.7,27.7,C-17A Globemaster,,,,False,mode_s
ae2faa,2026-05-25 23:32:51.687246,UNK C/S,08-8198,2664,28000,22.1,-155.0,C-17A Globemaster,,,,False,mode_s
ae49c2,2026-05-25 23:32:51.687251,RCH525,09-9206,6623,35000,4.9,-0.1,C-17A Globemaster,,,,False,mode_s
ae07a9,2026-05-25 23:32:51.687256,UNK C/S,59-1515,4000,26000,38.2,-123.8,KC-135R Stratotanker,,,,False,mode_s
ae5fac,2026-05-25 23:32:51.687263,UNK C/S,19-46065,0711,17000,25.4,57.4,KC-46A Pegasus,,,,False,mode_s
ae0421,2026-05-25 23:32:51.687268,UNK C/S,58-0089,1744,25475,37.4,-123.5,KC-135R Stratotanker,,,,False,mode_s
ae4d69,2026-05-25 23:32:51.687276,RCH185,10-0216,1140,34000,33.3,32.4,C-17A Globemaster,,,,False,mode_s
ae0696,2026-05-25 23:32:51.687280,UNK C/S,63-8884,Unavailable,25000,48.7,-117.7,KC-135R Stratotanker,,,,False,mode_s
ae146c,2026-05-25 23:32:51.687285,UNK C/S,07-7174,3306,Unavailable,33.7,31.7,C-17A Globemaster,,,,False,mode_s
ae07cf,2026-05-25 23:32:51.687288,MOOSE40,89-1191,3416,34000,32.1,33.4,C-17A Globemaster,,,,False,mode_s
ae11ea,2026-05-25 23:33:53.039934,UNK C/S,80-0137,Unavailable,13275,61.909374,-149.23941,E-3G AWACS,200,308,-72,False,mlat
ae1171,2026-05-25 23:33:53.039960,RCH125,02-1099,3256,34000,36.267746,-127.597504,C-17A Globemaster,249,452,0,False,adsb_icao
ae04c5,2026-05-25 23:33:53.039971,UNK C/S,59-1476,1565,31025,40.897911,-114.449951,KC-135R Stratotanker,165,467,,False,adsb_icao
ae07a8,2026-05-25 23:33:53.039975,UNK C/S,59-1508,7442,28000,37.628307,-113.705452,KC-135R Stratotanker,209,434,0,False,mlat
ae123a,2026-05-25 23:33:53.040002,RCH530,04-4128,0700,15150,14.229204,-17.721525,C-17A Globemaster,226,419,,False,adsb_icao
ae2fa7,2026-05-25 23:33:53.040011,RCH466,08-8195,0634,30000,50.621323,-5.359472,C-17A Globemaster,250,468,0,False,adsb_icao
ae0363,2026-05-25 23:33:53.040019,UNK C/S,60-0341,4131,27000,43.884232,24.612211,KC-135R Stratotanker,234,462,0,False,mlat
ae04e1,2026-05-25 23:33:53.040024,UNK C/S,58-0120,4137,24600,44.077267,24.973745,KC-135R Stratotanker,235,442,2033,False,mlat
06a249,2026-05-25 23:33:53.040029,LHOB270,A7-MAB,2056,14400,37.253986,27.574728,C-17A Globemaster,335,393,-1824,False,adsb_icao
ae1468,2026-05-25 23:33:53.040035,MOOSE68,07-7170,4403,34000,31.9,33.8,C-17A Globemaster,,,,False,mode_s
aed555,2026-05-25 23:33:53.040040,UNK C/S,19-46110,1701,25000,38.2,-123.9,KC-46A Pegasus,,,,False,mode_s
ae4f12,2026-05-25 23:33:53.040049,MOOSE67,10-0218,7424,33025,36.5,28.0,C-17A Globemaster,,,,False,mode_s
ae2faa,2026-05-25 23:33:53.040056,UNK C/S,08-8198,Unavailable,28000,22.1,-155.0,C-17A Globemaster,,,,False,mode_s
ae49c2,2026-05-25 23:33:53.040060,RCH525,09-9206,6623,35000,4.9,-0.1,C-17A Globemaster,,,,False,mode_s
ae07a9,2026-05-25 23:33:53.040064,UNK C/S,59-1515,4000,26000,38.0,-123.9,KC-135R Stratotanker,,,,False,mode_s
ae5fac,2026-05-25 23:33:53.040069,UNK C/S,19-46065,0711,17000,25.4,57.3,KC-46A Pegasus,,,,False,mode_s
ae0421,2026-05-25 23:33:53.040073,UNK C/S,58-0089,Unavailable,25450,38.0,-123.7,KC-135R Stratotanker,,,,False,mode_s
ae4d69,2026-05-25 23:33:53.040079,RCH185,10-0216,1140,34000,33.5,32.5,C-17A Globemaster,,,,False,mode_s
ae0696,2026-05-25 23:33:53.040083,UNK C/S,63-8884,Unavailable,25000,50.5,-119.2,KC-135R Stratotanker,,,,False,mode_s
ae07cf,2026-05-25 23:33:53.040087,MOOSE40,89-1191,3416,34000,32.1,33.2,C-17A Globemaster,,,,False,mode_s
ae11ea,2026-05-25 23:34:55.344573,UNK C/S,80-0137,Unavailable,13275,61.834923,-149.302521,E-3G AWACS,205,307,-2,False,mlat
ae1171,2026-05-25 23:34:55.344600,RCH125,02-1099,3256,34000,36.186172,-127.871758,C-17A Globemaster,249,452,0,False,adsb_icao
ae04c5,2026-05-25 23:34:55.344615,UNK C/S,59-1476,1565,30975,40.770683,-114.407501,KC-135R Stratotanker,165,468,,False,adsb_icao
ae07a8,2026-05-25 23:34:55.344621,UNK C/S,59-1508,7442,28000,37.52697,-113.77607,KC-135R Stratotanker,208,435,0,False,mlat
ae123a,2026-05-25 23:34:55.344648,RCH530,04-4128,0700,16425,14.145584,-17.811016,C-17A Globemaster,226,427,,False,adsb_icao
ae2fa7,2026-05-25 23:34:55.344655,RCH466,08-8195,0634,30000,50.577656,-5.556335,C-17A Globemaster,250,467,-64,False,adsb_icao
ae0363,2026-05-25 23:34:55.344668,UNK C/S,60-0341,4131,27000,43.814507,24.469872,KC-135R Stratotanker,233,462,-32,False,mlat
ae04e1,2026-05-25 23:34:55.344673,UNK C/S,58-0120,4137,26450,44.004478,24.835411,KC-135R Stratotanker,233,448,1217,False,mlat
06a249,2026-05-25 23:34:55.344681,LHOB270,A7-MAB,2056,12550,37.354614,27.517714,C-17A Globemaster,335,384,-1600,False,adsb_icao
ae1468,2026-05-25 23:34:55.344688,MOOSE68,07-7170,4403,34000,31.9,33.9,C-17A Globemaster,,,,False,mode_s
aed555,2026-05-25 23:34:55.344693,UNK C/S,19-46110,1701,25000,38.1,-123.8,KC-46A Pegasus,,,,False,mode_s
ae4f12,2026-05-25 23:34:55.344704,MOOSE67,10-0218,7424,33025,36.7,27.8,C-17A Globemaster,,,,False,mode_s
ae2faa,2026-05-25 23:34:55.344710,UNK C/S,08-8198,Unavailable,28000,22.1,-155.0,C-17A Globemaster,,,,False,mode_s
ae49c2,2026-05-25 23:34:55.344715,RCH525,09-9206,6623,35000,4.9,-0.1,C-17A Globemaster,,,,False,mode_s
ae07a9,2026-05-25 23:34:55.344719,UNK C/S,59-1515,4000,25975,38.2,-123.8,KC-135R Stratotanker,,,,False,mode_s
ae5fac,2026-05-25 23:34:55.344724,UNK C/S,19-46065,0711,17000,25.4,57.1,KC-46A Pegasus,,,,False,mode_s
ae0421,2026-05-25 23:34:55.344729,UNK C/S,58-0089,1744,25450,38.2,-123.8,KC-135R Stratotanker,,,,False,mode_s
ae4d69,2026-05-25 23:34:55.344737,RCH185,10-0216,1140,34000,33.1,33.2,C-17A Globemaster,,,,False,mode_s
ae0696,2026-05-25 23:34:55.344740,UNK C/S,63-8884,Unavailable,24975,47.1,-118.9,KC-135R Stratotanker,,,,False,mode_s
ae07cf,2026-05-25 23:34:55.344743,MOOSE40,89-1191,3416,34000,31.9,33.5,C-17A Globemaster,,,,False,mode_s
ae11ea,2026-05-25 23:35:56.713892,UNK C/S,80-0137,Unavailable,12650,61.780678,-149.386078,E-3G AWACS,218,350,-724,False,mlat
ae1171,2026-05-25 23:35:56.713917,RCH125,02-1099,3256,34000,36.141575,-128.020523,C-17A Globemaster,249,453,0,False,adsb_icao
ae04c5,2026-05-25 23:35:56.713930,UNK C/S,59-1476,1565,31000,40.639217,-114.363617,KC-135R Stratotanker,165,468,,False,adsb_icao
ae07a8,2026-05-25 23:35:56.713935,UNK C/S,59-1508,7442,27975,37.417416,-113.844589,KC-135R Stratotanker,207,438,17,False,mlat
ae123a,2026-05-25 23:35:56.713961,RCH530,04-4128,0700,17900,14.060486,-17.902222,C-17A Globemaster,226,426,,False,adsb_icao
ae2fa7,2026-05-25 23:35:56.713968,RCH466,08-8195,0634,30000,50.53299,-5.75539,C-17A Globemaster,250,468,-64,False,adsb_icao
ae0363,2026-05-25 23:35:56.713979,UNK C/S,60-0341,4131,27000,43.731239,24.320547,KC-135R Stratotanker,233,462,-192,False,mlat
ae04e1,2026-05-25 23:35:56.713983,UNK C/S,58-0120,4137,27000,43.931374,24.695297,KC-135R Stratotanker,234,485,-47,False,mlat
06a249,2026-05-25 23:35:56.713989,LHOB270,A7-MAB,2056,11650,37.45253,27.461964,C-17A Globemaster,335,369,-1376,False,adsb_icao
ae1468,2026-05-25 23:35:56.713996,MOOSE68,07-7170,4403,34000,31.9,33.9,C-17A Globemaster,,,,False,mode_s
aed555,2026-05-25 23:35:56.714000,UNK C/S,19-46110,1701,25000,38.2,-123.8,KC-46A Pegasus,,,,False,mode_s
ae4f12,2026-05-25 23:35:56.714009,MOOSE67,10-0218,7424,33025,35.1,29.9,C-17A Globemaster,,,,False,mode_s
ae49c2,2026-05-25 23:35:56.714015,RCH525,09-9206,6623,35000,4.9,-0.1,C-17A Globemaster,,,,False,mode_s
ae07a9,2026-05-25 23:35:56.714020,UNK C/S,59-1515,4000,26000,37.4,-123.6,KC-135R Stratotanker,,,,False,mode_s
ae5fac,2026-05-25 23:35:56.714025,UNK C/S,19-46065,0711,17000,25.4,57.0,KC-46A Pegasus,,,,False,mode_s
ae0421,2026-05-25 23:35:56.714029,UNK C/S,58-0089,1744,25450,38.2,-123.7,KC-135R Stratotanker,,,,False,mode_s
ae4d69,2026-05-25 23:35:56.714036,RCH185,10-0216,1140,34000,32.8,32.7,C-17A Globemaster,,,,False,mode_s
ae0696,2026-05-25 23:35:56.714040,UNK C/S,63-8884,Unavailable,25000,47.1,-118.9,KC-135R Stratotanker,,,,False,mode_s
ae07cf,2026-05-25 23:35:56.714044,MOOSE40,89-1191,3416,34000,32.4,33.5,C-17A Globemaster,,,,False,mode_s
ae11ea,2026-05-25 23:36:58.015024,UNK C/S,80-0137,Unavailable,11075,61.727489,-149.510498,E-3G AWACS,233,289,-1257,False,mlat
ae1171,2026-05-25 23:36:58.015056,RCH125,02-1099,3256,34000,36.099792,-128.159241,C-17A Globemaster,249,454,-64,False,adsb_icao
ae04c5,2026-05-25 23:36:58.015068,UNK C/S,59-1476,1565,31000,40.511108,-114.321175,KC-135R Stratotanker,165,469,,False,adsb_icao
ae07a8,2026-05-25 23:36:58.015072,UNK C/S,59-1508,7442,26275,37.304039,-113.921814,KC-135R Stratotanker,208,418,-2168,False,mlat
ae123a,2026-05-25 23:36:58.015098,RCH530,04-4128,0700,19100,13.973678,-17.989389,C-17A Globemaster,210,429,,False,adsb_icao
ae2fa7,2026-05-25 23:36:58.015106,RCH466,08-8195,0634,30000,50.488789,-5.950952,C-17A Globemaster,250,468,64,False,adsb_icao
ae0363,2026-05-25 23:36:58.015117,UNK C/S,60-0341,4131,27000,43.617722,24.236103,KC-135R Stratotanker,185,452,128,False,mlat
ae04e1,2026-05-25 23:36:58.015121,UNK C/S,58-0120,4137,26975,43.838375,24.519442,KC-135R Stratotanker,235,515,-46,False,mlat
06a249,2026-05-25 23:36:58.015127,LHOB270,A7-MAB,2056,10400,37.539413,27.414278,C-17A Globemaster,343,313,-1472,False,adsb_icao
ae1468,2026-05-25 23:36:58.015135,MOOSE68,07-7170,4403,33975,31.9,33.8,C-17A Globemaster,,,,False,mode_s
aed555,2026-05-25 23:36:58.015140,UNK C/S,19-46110,Unavailable,25000,38.1,-123.6,KC-46A Pegasus,,,,False,mode_s
ae4f12,2026-05-25 23:36:58.015150,MOOSE67,10-0218,7424,33025,34.5,30.6,C-17A Globemaster,,,,False,mode_s
ae49c2,2026-05-25 23:36:58.015156,RCH525,09-9206,6623,35000,4.9,-0.1,C-17A Globemaster,,,,False,mode_s
ae07a9,2026-05-25 23:36:58.015161,UNK C/S,59-1515,Unavailable,26000,37.7,-123.6,KC-135R Stratotanker,,,,False,mode_s
ae5fac,2026-05-25 23:36:58.015166,UNK C/S,19-46065,0711,17000,25.4,57.2,KC-46A Pegasus,,,,False,mode_s
ae0421,2026-05-25 23:36:58.015170,UNK C/S,58-0089,Unavailable,25450,37.8,-123.1,KC-135R Stratotanker,,,,False,mode_s
ae4d69,2026-05-25 23:36:58.015176,RCH185,10-0216,1140,34000,33.5,32.9,C-17A Globemaster,,,,False,mode_s
ae0696,2026-05-25 23:36:58.015180,UNK C/S,63-8884,Unavailable,25000,47.1,-118.9,KC-135R Stratotanker,,,,False,mode_s
ae07cf,2026-05-25 23:36:58.015183,MOOSE40,89-1191,3416,34000,32.6,33.1,C-17A Globemaster,,,,False,mode_s
ae11ea,2026-05-25 23:37:59.306227,UNK C/S,80-0137,Unavailable,10275,61.663364,-149.666809,E-3G AWACS,228,296,-555,False,mlat
ae04c5,2026-05-25 23:37:59.306254,UNK C/S,59-1476,1565,31025,40.381554,-114.278351,KC-135R Stratotanker,165,469,,False,adsb_icao
ae07a8,2026-05-25 23:37:59.306260,UNK C/S,59-1508,7442,23625,37.203365,-113.990891,KC-135R Stratotanker,207,404,-2785,False,mlat
ae123a,2026-05-25 23:37:59.306286,RCH530,04-4128,0700,20125,13.854737,-17.99946,C-17A Globemaster,180,429,,False,adsb_icao
ae2fa7,2026-05-25 23:37:59.306294,RCH466,08-8195,0634,30000,50.444,-6.14714,C-17A Globemaster,250,468,64,False,adsb_icao
ae0363,2026-05-25 23:37:59.306306,UNK C/S,60-0341,4131,27000,43.489925,24.226963,KC-135R Stratotanker,182,452,-32,False,mlat
ae04e1,2026-05-25 23:37:59.306311,UNK C/S,58-0120,4137,27000,43.751286,24.355589,KC-135R Stratotanker,235,524,0,False,mlat
06a249,2026-05-25 23:37:59.306317,LHOB270,A7-MAB,2056,8950,37.620209,27.384592,C-17A Globemaster,343,283,-1728,False,adsb_icao
ae1468,2026-05-25 23:37:59.306324,MOOSE68,07-7170,4403,34000,30.8,33.9,C-17A Globemaster,,,,False,mode_s
ae4f12,2026-05-25 23:37:59.306332,MOOSE67,10-0218,7424,33025,34.9,33.4,C-17A Globemaster,,,,False,mode_s
ae07a9,2026-05-25 23:37:59.306338,UNK C/S,59-1515,4000,Unavailable,37.9,-123.6,KC-135R Stratotanker,,,,False,mode_s
ae5fac,2026-05-25 23:37:59.306344,UNK C/S,19-46065,0711,17000,25.5,57.5,KC-46A Pegasus,,,,False,mode_s
ae0421,2026-05-25 23:37:59.306348,UNK C/S,58-0089,Unavailable,25475,37.9,-123.2,KC-135R Stratotanker,,,,False,mode_s
ae4d69,2026-05-25 23:37:59.306355,RCH185,10-0216,1140,34000,33.2,32.9,C-17A Globemaster,,,,False,mode_s
ae0696,2026-05-25 23:37:59.306359,UNK C/S,63-8884,Unavailable,25000,49.3,-117.5,KC-135R Stratotanker,,,,False,mode_s
ae07cf,2026-05-25 23:37:59.306362,MOOSE40,89-1191,3416,34000,32.8,33.0,C-17A Globemaster,,,,False,mode_s
ae11ea,2026-05-25 23:39:01.079510,UNK C/S,80-0137,Unavailable,9000,61.611889,-149.7901,E-3G AWACS,229,267,-1304,False,mlat
ae04c5,2026-05-25 23:39:01.079548,UNK C/S,59-1476,1565,31000,40.252647,-114.23584,KC-135R Stratotanker,165,470,,False,adsb_icao
ae07a8,2026-05-25 23:39:01.079554,UNK C/S,59-1508,7442,21325,37.094711,-114.062363,KC-135R Stratotanker,207,389,-2014,False,mlat
ae123a,2026-05-25 23:39:01.079589,RCH530,04-4128,0700,21150,13.732724,-17.999943,C-17A Globemaster,180,429,,False,adsb_icao
ae2fa7,2026-05-25 23:39:01.079597,RCH466,08-8195,0634,30000,50.398991,-6.342229,C-17A Globemaster,250,470,0,False,adsb_icao
ae0363,2026-05-25 23:39:01.079606,UNK C/S,60-0341,4131,27000,43.363331,24.222204,KC-135R Stratotanker,182,452,96,False,mlat
ae04e1,2026-05-25 23:39:01.079610,UNK C/S,58-0120,4137,27000,43.638943,24.243431,KC-135R Stratotanker,194,538,0,False,mlat
06a249,2026-05-25 23:39:01.079616,LHOB270,A7-MAB,2056,8425,37.643814,27.37578,C-17A Globemaster,343,281,-1696,False,adsb_icao
ae1468,2026-05-25 23:39:01.079623,MOOSE68,07-7170,4403,34000,31.8,33.2,C-17A Globemaster,,,,False,mode_s
ae4f12,2026-05-25 23:39:01.079632,MOOSE67,10-0218,7424,33025,31.7,31.5,C-17A Globemaster,,,,False,mode_s
ae49c2,2026-05-25 23:39:01.079639,RCH525,09-9206,6623,Unavailable,4.9,-0.1,C-17A Globemaster,,,,False,mode_s
ae07a9,2026-05-25 23:39:01.079644,UNK C/S,59-1515,4000,25975,38.0,-123.5,KC-135R Stratotanker,,,,False,mode_s
ae1171,2026-05-25 23:39:01.079649,RCH125,02-1099,3256,Unavailable,37.7,-123.5,C-17A Globemaster,,,,False,mode_s
ae5fac,2026-05-25 23:39:01.079653,UNK C/S,19-46065,0711,17000,25.6,57.8,KC-46A Pegasus,,,,False,mode_s
ae4d69,2026-05-25 23:39:01.079658,RCH185,10-0216,1140,34000,33.7,32.9,C-17A Globemaster,,,,False,mode_s
ae0696,2026-05-25 23:39:01.079662,UNK C/S,63-8884,Unavailable,25000,47.2,-118.6,KC-135R Stratotanker,,,,False,mode_s
ae07cf,2026-05-25 23:39:01.079666,MOOSE40,89-1191,3416,34000,33.1,33.3,C-17A Globemaster,,,,False,mode_s
ae11ea,2026-05-25 23:40:02.427437,UNK C/S,80-0137,Unavailable,7600,61.557964,-149.913528,E-3G AWACS,226,281,-1895,False,mlat
ae04c5,2026-05-25 23:40:02.427448,UNK C/S,59-1476,1565,31000,40.122536,-114.193207,KC-135R Stratotanker,165,468,,False,adsb_icao
ae07a8,2026-05-25 23:40:02.427450,UNK C/S,59-1508,7442,19175,36.999943,-114.124519,KC-135R Stratotanker,208,383,-2229,False,mlat
ae123a,2026-05-25 23:40:02.427458,RCH530,04-4128,0700,21675,13.609543,-18.000057,C-17A Globemaster,180,440,,False,adsb_icao
ae2fa7,2026-05-25 23:40:02.427460,RCH466,08-8195,0634,30000,50.352715,-6.541022,C-17A Globemaster,249,469,0,False,adsb_icao
ae0363,2026-05-25 23:40:02.427464,UNK C/S,60-0341,4131,27000,43.23819,24.214357,KC-135R Stratotanker,182,454,0,False,mlat
ae04e1,2026-05-25 23:40:02.427466,UNK C/S,58-0120,4137,27000,43.482555,24.225958,KC-135R Stratotanker,182,518,0,False,mlat
ae49c2,2026-05-25 23:40:02.427469,RCH525,09-9206,6623,Unavailable,4.9,-0.1,C-17A Globemaster,,,,False,mode_s
ae4d69,2026-05-25 23:40:02.427471,RCH185,10-0216,1140,34000,33.3,32.8,C-17A Globemaster,,,,False,mode_s
ae1468,2026-05-25 23:40:02.427473,MOOSE68,07-7170,4403,34000,31.8,33.2,C-17A Globemaster,,,,False,mode_s
ae5fac,2026-05-25 23:40:02.427476,UNK C/S,19-46065,0711,17000,25.7,58.4,KC-46A Pegasus,,,,False,mode_s
ae4f12,2026-05-25 23:40:02.427478,MOOSE67,10-0218,7424,33025,34.9,33.4,C-17A Globemaster,,,,False,mode_s
ae07cf,2026-05-25 23:40:02.427481,MOOSE40,89-1191,3416,34000,32.6,33.3,C-17A Globemaster,,,,False,mode_s
ae0696,2026-05-25 23:40:02.427483,UNK C/S,63-8884,1602,25000,48.4,-117.9,KC-135R Stratotanker,,,,False,mode_s
ae11ea,2026-05-25 23:41:03.706363,UNK C/S,80-0137,Unavailable,5725,61.504208,-150.037949,E-3G AWACS,229,261,-1575,False,mlat
ae07a8,2026-05-25 23:41:03.706384,UNK C/S,59-1508,7442,16975,36.910488,-114.183334,KC-135R Stratotanker,207,344,-2259,False,mlat
ae04c5,2026-05-25 23:41:03.706390,UNK C/S,59-1476,1565,31025,39.992752,-114.150818,KC-135R Stratotanker,165,466,,False,adsb_icao
ae123a,2026-05-25 23:41:03.706414,RCH530,04-4128,0700,22400,13.483763,-17.999943,C-17A Globemaster,180,444,,False,adsb_icao
ae2fa7,2026-05-25 23:41:03.706421,RCH466,08-8195,0634,30000,50.307358,-6.734619,C-17A Globemaster,249,470,64,False,adsb_icao
ae0363,2026-05-25 23:41:03.706431,UNK C/S,60-0341,4131,27000,43.10247,24.206762,KC-135R Stratotanker,182,454,0,False,mlat
ae04e1,2026-05-25 23:41:03.706435,UNK C/S,58-0120,4137,27000,43.348679,24.219875,KC-135R Stratotanker,182,515,0,False,mlat
06a249,2026-05-25 23:41:03.706441,LHOB270,A7-MAB,2056,6350,37.834263,27.304369,C-17A Globemaster,,,,False,adsb_icao
ae4d69,2026-05-25 23:41:03.706450,RCH185,10-0216,1140,34000,33.5,32.7,C-17A Globemaster,,,,False,mode_s
ae1468,2026-05-25 23:41:03.706454,MOOSE68,07-7170,4403,34000,31.8,33.2,C-17A Globemaster,,,,False,mode_s
ae5fac,2026-05-25 23:41:03.706461,UNK C/S,19-46065,0711,17000,25.8,58.7,KC-46A Pegasus,,,,False,mode_s
ae4f12,2026-05-25 23:41:03.706468,MOOSE67,10-0218,7424,33025,34.9,33.4,C-17A Globemaster,,,,False,mode_s
ae146c,2026-05-25 23:41:03.706475,UNK C/S,07-7174,Unavailable,Unavailable,33.4,31.4,C-17A Globemaster,,,,False,mode_s
ae07cf,2026-05-25 23:41:03.706481,MOOSE40,89-1191,3416,34000,32.8,32.9,C-17A Globemaster,,,,False,mode_s
ae0696,2026-05-25 23:41:03.706486,UNK C/S,63-8884,1602,25000,48.7,-117.7,KC-135R Stratotanker,,,,False,mode_s
ae11ea,2026-05-25 23:42:04.989507,UNK C/S,80-0137,Unavailable,4700,61.448063,-150.111969,E-3G AWACS,189,235,-1213,False,mlat
ae07a8,2026-05-25 23:42:04.989528,UNK C/S,59-1508,7442,14850,36.817413,-114.244804,KC-135R Stratotanker,208,342,-2037,False,mlat
ae04c5,2026-05-25 23:42:04.989534,UNK C/S,59-1476,1565,31000,39.86554,-114.109436,KC-135R Stratotanker,165,466,,False,adsb_icao
ae123a,2026-05-25 23:42:04.989557,RCH530,04-4128,0700,23000,13.364496,-17.999943,C-17A Globemaster,179,449,,False,adsb_icao
ae2fa7,2026-05-25 23:42:04.989563,RCH466,08-8195,0634,30000,50.26152,-6.927993,C-17A Globemaster,249,473,64,False,adsb_icao
ae0363,2026-05-25 23:42:04.989573,UNK C/S,60-0341,4131,27000,42.975204,24.199663,KC-135R Stratotanker,182,448,32,False,mlat
ae04e1,2026-05-25 23:42:04.989577,UNK C/S,58-0120,4137,27000,43.200829,24.211761,KC-135R Stratotanker,182,498,0,False,mlat
06a249,2026-05-25 23:42:04.989582,LHOB270,A7-MAB,2056,5625,37.893986,27.281382,C-17A Globemaster,343,237,-768,False,adsb_icao
ae4d69,2026-05-25 23:42:04.989589,RCH185,10-0216,1140,34000,33.7,32.5,C-17A Globemaster,,,,False,mode_s
ae1468,2026-05-25 23:42:04.989593,MOOSE68,07-7170,4403,34000,30.8,33.9,C-17A Globemaster,,,,False,mode_s
ae5fac,2026-05-25 23:42:04.989599,UNK C/S,19-46065,0711,17000,25.6,57.7,KC-46A Pegasus,,,,False,mode_s
ae4f12,2026-05-25 23:42:04.989606,MOOSE67,10-0218,7424,33025,33.9,32.9,C-17A Globemaster,,,,False,mode_s
ae07cf,2026-05-25 23:42:04.989613,MOOSE40,89-1191,3416,34000,33.3,33.0,C-17A Globemaster,,,,False,mode_s
ae0696,2026-05-25 23:42:04.989619,UNK C/S,63-8884,Unavailable,25000,47.2,-118.4,KC-135R Stratotanker,,,,False,mode_s
ae11ea,2026-05-25 23:43:06.552219,UNK C/S,80-0137,Unavailable,2650,61.382187,-150.151047,E-3G AWACS,194,245,-2126,False,mlat
ae0696,2026-05-25 23:43:06.552243,UNK C/S,63-8884,Unavailable,25000,48.892921,-117.973648,KC-135R Stratotanker,,,-47,False,mlat
ae07a8,2026-05-25 23:43:06.552251,UNK C/S,59-1508,7442,13800,36.743469,-114.314987,KC-135R Stratotanker,227,346,-1130,False,mlat
ae04c5,2026-05-25 23:43:06.552256,UNK C/S,59-1476,1565,31000,39.73983,-114.068665,KC-135R Stratotanker,165,464,,False,adsb_icao
ae123a,2026-05-25 23:43:06.552281,RCH530,04-4128,0700,23500,13.25592,-17.999962,C-17A Globemaster,180,454,,False,adsb_icao
ae2fa7,2026-05-25 23:43:06.552287,RCH466,08-8195,0634,30000,50.214409,-7.125153,C-17A Globemaster,249,473,-64,False,adsb_icao
ae0363,2026-05-25 23:43:06.552296,UNK C/S,60-0341,4131,27000,42.852715,24.192312,KC-135R Stratotanker,182,432,32,False,mlat
ae04e1,2026-05-25 23:43:06.552300,UNK C/S,58-0120,4137,27000,43.049168,24.202204,KC-135R Stratotanker,182,506,0,False,mlat
06a249,2026-05-25 23:43:06.552306,LHOB270,A7-MAB,2056,4925,37.953552,27.259125,C-17A Globemaster,343,218,,False,adsb_icao
ae4d69,2026-05-25 23:43:06.552312,RCH185,10-0216,1140,34000,33.6,32.4,C-17A Globemaster,,,,False,mode_s
ae1468,2026-05-25 23:43:06.552317,MOOSE68,07-7170,4403,34000,31.5,33.7,C-17A Globemaster,,,,False,mode_s
ae5fac,2026-05-25 23:43:06.552324,UNK C/S,19-46065,0711,17000,25.3,56.7,KC-46A Pegasus,,,,False,mode_s
ae4f12,2026-05-25 23:43:06.552331,MOOSE67,10-0218,7424,33025,31.7,31.5,C-17A Globemaster,,,,False,mode_s
ae07cf,2026-05-25 23:43:06.552339,MOOSE40,89-1191,3416,34000,34.2,33.3,C-17A Globemaster,,,,False,mode_s
ae11ea,2026-05-25 23:44:07.819620,UNK C/S,80-0137,Unavailable,2300,61.328503,-150.180328,E-3G AWACS,197,195,126,False,mlat
ae0696,2026-05-25 23:44:07.819674,UNK C/S,63-8884,Unavailable,24975,48.729595,-117.933998,KC-135R Stratotanker,,,-18,False,mlat
ae07a8,2026-05-25 23:44:07.819685,UNK C/S,59-1508,7442,12500,36.672489,-114.398651,KC-135R Stratotanker,222,304,-1066,False,mlat
ae04c5,2026-05-25 23:44:07.819693,UNK C/S,59-1476,1565,31000,39.618095,-114.029358,KC-135R Stratotanker,165,466,,False,adsb_icao
ae123a,2026-05-25 23:44:07.819727,RCH530,04-4128,0700,23675,13.20163,-17.999962,C-17A Globemaster,180,457,,False,adsb_icao
ae2fa7,2026-05-25 23:44:07.819735,RCH466,08-8195,0634,30000,50.205704,-7.329737,C-17A Globemaster,282,482,0,False,adsb_icao
ae0363,2026-05-25 23:44:07.819754,UNK C/S,60-0341,4131,27000,42.737629,24.185398,KC-135R Stratotanker,182,424,-32,False,mlat
ae04e1,2026-05-25 23:44:07.819768,UNK C/S,58-0120,4137,27200,42.904297,24.19383,KC-135R Stratotanker,183,515,538,False,mlat
ae4d69,2026-05-25 23:44:07.819780,RCH185,10-0216,1140,34000,34.2,32.2,C-17A Globemaster,,,,False,mode_s
ae1468,2026-05-25 23:44:07.819786,MOOSE68,07-7170,4403,34000,31.5,33.7,C-17A Globemaster,,,,False,mode_s
aed555,2026-05-25 23:44:07.819791,UNK C/S,19-46110,Unavailable,Unavailable,37.7,-122.9,KC-46A Pegasus,,,,False,mode_s
ae5fac,2026-05-25 23:44:07.819798,UNK C/S,19-46065,0711,17000,25.1,56.2,KC-46A Pegasus,,,,False,mode_s
ae4f12,2026-05-25 23:44:07.819804,MOOSE67,10-0218,7424,33025,33.7,31.7,C-17A Globemaster,,,,False,mode_s
ae0421,2026-05-25 23:44:07.819811,UNK C/S,58-0089,Unavailable,25475,37.6,-122.8,KC-135R Stratotanker,,,,False,mode_s
ae07cf,2026-05-25 23:44:07.819816,MOOSE40,89-1191,3416,34000,34.1,33.1,C-17A Globemaster,,,,False,mode_s
ae11ea,2026-05-25 23:45:09.176421,UNK C/S,80-0137,2232,1975,61.273617,-150.165283,E-3G AWACS,155,190,-580,False,mlat
ae0696,2026-05-25 23:45:09.176445,UNK C/S,63-8884,Unavailable,24075,48.640293,-117.912262,KC-135R Stratotanker,,,-986,False,mlat
ae07a8,2026-05-25 23:45:09.176453,UNK C/S,59-1508,7442,12200,36.656445,-114.493271,KC-135R Stratotanker,275,332,75,False,mlat
ae04c5,2026-05-25 23:45:09.176458,UNK C/S,59-1476,1565,31000,39.482628,-113.985901,KC-135R Stratotanker,166,467,,False,adsb_icao
ae123a,2026-05-25 23:45:09.176482,RCH530,04-4128,0700,24475,12.982116,-17.987268,C-17A Globemaster,152,468,,False,adsb_icao
ae2fa7,2026-05-25 23:45:09.176488,RCH466,08-8195,0634,30000,50.232651,-7.534236,C-17A Globemaster,281,482,-64,False,adsb_icao
ae0363,2026-05-25 23:45:09.176499,UNK C/S,60-0341,4131,27000,42.618095,24.179388,KC-135R Stratotanker,182,430,0,False,mlat
ae04e1,2026-05-25 23:45:09.176503,UNK C/S,58-0120,4137,27500,42.750526,24.186209,KC-135R Stratotanker,182,539,0,False,mlat
ae4f12,2026-05-25 23:45:09.176508,MOOSE67,10-0218,7424,33025,34.724991,32.265713,C-17A Globemaster,,,-77,False,mlat
ae4d69,2026-05-25 23:45:09.176515,RCH185,10-0216,1140,34000,33.7,32.6,C-17A Globemaster,,,,False,mode_s
ae1468,2026-05-25 23:45:09.176519,MOOSE68,07-7170,4403,34000,31.8,33.2,C-17A Globemaster,,,,False,mode_s
ae5fac,2026-05-25 23:45:09.176526,UNK C/S,19-46065,0711,17000,25.1,56.3,KC-46A Pegasus,,,,False,mode_s
ae0421,2026-05-25 23:45:09.176534,UNK C/S,58-0089,Unavailable,Unavailable,37.6,-122.7,KC-135R Stratotanker,,,,False,mode_s
ae07cf,2026-05-25 23:45:09.176538,MOOSE40,89-1191,3416,34000,34.1,33.1,C-17A Globemaster,,,,False,mode_s
ae11ea,2026-05-25 23:46:10.515893,UNK C/S,80-0137,2232,1900,61.23357,-150.104782,E-3G AWACS,111,176,110,False,mlat
ae0696,2026-05-25 23:46:10.515917,UNK C/S,63-8884,1602,20525,48.543419,-117.890198,KC-135R Stratotanker,172,343,-3475,False,mlat
ae07a8,2026-05-25 23:46:10.515924,UNK C/S,59-1508,7442,10625,36.642056,-114.602776,KC-135R Stratotanker,264,301,-1646,False,mlat
ae04c5,2026-05-25 23:46:10.515928,UNK C/S,59-1476,1565,31000,39.354282,-113.944763,KC-135R Stratotanker,166,468,,False,adsb_icao
43c1c6,2026-05-25 23:46:10.515948,RRR6115,ZZ176,Unavailable,33000,24.484039,-18.760477,C-17A Globemaster,350,451,,False,adsb_icao
ae123a,2026-05-25 23:46:10.515965,RCH530,04-4128,0700,24825,12.874999,-17.915232,C-17A Globemaster,146,476,,False,adsb_icao
ae2fa7,2026-05-25 23:46:10.515972,RCH466,08-8195,0634,30000,50.261475,-7.747885,C-17A Globemaster,281,483,-64,False,adsb_icao
ae0363,2026-05-25 23:46:10.515982,UNK C/S,60-0341,4131,27000,42.48399,24.172825,KC-135R Stratotanker,182,438,-32,False,mlat
ae04e1,2026-05-25 23:46:10.515986,UNK C/S,58-0120,4137,27500,42.602631,24.178915,KC-135R Stratotanker,183,529,75,False,mlat
ae4d69,2026-05-25 23:46:10.515995,RCH185,10-0216,1140,34000,33.9,32.4,C-17A Globemaster,,,,False,mode_s
ae1468,2026-05-25 23:46:10.515999,MOOSE68,07-7170,4403,34000,31.8,33.2,C-17A Globemaster,,,,False,mode_s
ae5fac,2026-05-25 23:46:10.516005,UNK C/S,19-46065,0711,17000,25.0,56.0,KC-46A Pegasus,,,,False,mode_s
ae4f12,2026-05-25 23:46:10.516011,MOOSE67,10-0218,7424,33025,33.9,32.4,C-17A Globemaster,,,,False,mode_s
ae07cf,2026-05-25 23:46:10.516017,MOOSE40,89-1191,3416,34000,34.2,32.7,C-17A Globemaster,,,,False,mode_s
ae0803,2026-05-25 23:46:10.516023,RCH657,98-0057,Unavailable,Unavailable,32.7,-79.9,C-17A Globemaster,,,,False,mode_s
ae11ea,2026-05-25 23:47:11.918919,UNK C/S,80-0137,2232,1875,61.23518,-150.006912,E-3G AWACS,68,182,-9,False,mlat
ae0696,2026-05-25 23:47:11.918947,UNK C/S,63-8884,1602,16275,48.458267,-117.867317,KC-135R Stratotanker,169,280,-4137,False,mlat
ae07a8,2026-05-25 23:47:11.918952,UNK C/S,59-1508,7442,9200,36.611938,-114.682381,KC-135R Stratotanker,226,292,-1290,False,mlat
ae04c5,2026-05-25 23:47:11.918956,UNK C/S,59-1476,1565,31000,39.222496,-113.902649,KC-135R Stratotanker,166,465,,False,adsb_icao
ae0803,2026-05-25 23:47:11.918968,RCH657,98-0057,0767,1950,32.879002,-79.976685,C-17A Globemaster,88,202,1246,False,mlat
43c1c6,2026-05-25 23:47:11.918974,RRR6115,ZZ176,6221,33000,24.619217,-18.783875,C-17A Globemaster,351,449,,False,adsb_icao
ae123a,2026-05-25 23:47:11.918978,RCH530,04-4128,0700,25150,12.786364,-17.855722,C-17A Globemaster,146,478,,False,adsb_icao
ae2fa7,2026-05-25 23:47:11.918982,RCH466,08-8195,0634,30000,50.289551,-7.956776,C-17A Globemaster,281,481,-64,False,adsb_icao
ae0363,2026-05-25 23:47:11.918988,UNK C/S,60-0341,4131,27000,42.359985,24.165882,KC-135R Stratotanker,182,442,0,False,mlat
ae04e1,2026-05-25 23:47:11.918990,UNK C/S,58-0120,4137,27500,42.454433,24.170502,KC-135R Stratotanker,182,527,1,False,mlat
ae4d69,2026-05-25 23:47:11.918995,RCH185,10-0216,1140,34000,33.9,32.2,C-17A Globemaster,,,,False,mode_s
ae1468,2026-05-25 23:47:11.918998,MOOSE68,07-7170,4403,34000,33.3,32.4,C-17A Globemaster,,,,False,mode_s
ae5fac,2026-05-25 23:47:11.919003,UNK C/S,19-46065,0711,17000,25.3,56.5,KC-46A Pegasus,,,,False,mode_s
ae4f12,2026-05-25 23:47:11.919007,MOOSE67,10-0218,7424,33025,33.7,32.5,C-17A Globemaster,,,,False,mode_s
ae07cf,2026-05-25 23:47:11.919011,MOOSE40,89-1191,3416,34000,34.0,33.1,C-17A Globemaster,,,,False,mode_s
ae11ea,2026-05-25 23:48:13.273690,UNK C/S,80-0137,2232,1150,61.242989,-149.914734,E-3G AWACS,80,148,-828,False,mlat
ae0696,2026-05-25 23:48:13.273714,UNK C/S,63-8884,1602,12600,48.370632,-117.846992,KC-135R Stratotanker,172,317,-3505,False,mlat
ae07a8,2026-05-25 23:48:13.273721,UNK C/S,59-1508,7442,7325,36.534985,-114.752602,KC-135R Stratotanker,208,324,-1958,False,mlat
ae04c5,2026-05-25 23:48:13.273727,UNK C/S,59-1476,1565,30975,39.093658,-113.861824,KC-135R Stratotanker,166,465,,False,adsb_icao
ae0803,2026-05-25 23:48:13.273748,RCH657,98-0057,0767,3100,32.88195,-79.889351,C-17A Globemaster,90,307,1051,False,mlat
43c1c6,2026-05-25 23:48:13.273759,RRR6115,ZZ176,6221,33000,24.736084,-18.804117,C-17A Globemaster,350,451,,False,adsb_icao
ae123a,2026-05-25 23:48:13.273765,RCH530,04-4128,0700,25950,12.654053,-17.766598,C-17A Globemaster,146,474,,False,adsb_icao
ae2fa7,2026-05-25 23:48:13.273772,RCH466,08-8195,0634,30000,50.317291,-8.166256,C-17A Globemaster,281,480,-64,False,adsb_icao
ae0363,2026-05-25 23:48:13.273784,UNK C/S,60-0341,4131,27000,42.237785,24.159241,KC-135R Stratotanker,182,446,0,False,mlat
ae04e1,2026-05-25 23:48:13.273788,UNK C/S,58-0120,4137,27500,42.317036,24.16276,KC-135R Stratotanker,182,522,0,False,mlat
ae4d69,2026-05-25 23:48:13.273796,RCH185,10-0216,1140,34000,34.2,31.5,C-17A Globemaster,,,,False,mode_s
ae1468,2026-05-25 23:48:13.273801,MOOSE68,07-7170,4403,34000,33.3,32.5,C-17A Globemaster,,,,False,mode_s
ae5fac,2026-05-25 23:48:13.273809,UNK C/S,19-46065,0711,17000,25.1,56.1,KC-46A Pegasus,,,,False,mode_s
ae4f12,2026-05-25 23:48:13.273816,MOOSE67,10-0218,7424,33025,34.3,32.7,C-17A Globemaster,,,,False,mode_s
ae07cf,2026-05-25 23:48:13.273821,MOOSE40,89-1191,3416,34000,34.6,33.0,C-17A Globemaster,,,,False,mode_s
ae11ea,2026-05-25 23:49:14.684019,UNK C/S,80-0137,2232,425,61.249294,-149.835434,E-3G AWACS,78,130,-788,False,mlat
ae0696,2026-05-25 23:49:14.684045,UNK C/S,63-8884,1602,10075,48.29332,-117.828392,KC-135R Stratotanker,169,231,-2125,False,mlat
ae07a8,2026-05-25 23:49:14.684053,UNK C/S,59-1508,7442,5625,36.472771,-114.801231,KC-135R Stratotanker,215,253,-1718,False,mlat
ae04c5,2026-05-25 23:49:14.684060,UNK C/S,59-1476,1565,31000,38.969147,-113.822357,KC-135R Stratotanker,166,461,,False,adsb_icao
ae0803,2026-05-25 23:49:14.684086,RCH657,98-0057,0767,5325,32.883968,-79.790367,C-17A Globemaster,87,266,2501,False,mlat
ae123a,2026-05-25 23:49:14.684099,RCH530,04-4128,0700,26400,12.528488,-17.682116,C-17A Globemaster,146,479,,False,adsb_icao
ae2fa7,2026-05-25 23:49:14.684107,RCH466,08-8195,0634,30000,50.344524,-8.374254,C-17A Globemaster,281,481,-64,False,adsb_icao
ae0363,2026-05-25 23:49:14.684120,UNK C/S,60-0341,4131,27000,42.11095,24.151983,KC-135R Stratotanker,182,452,96,False,mlat
ae04e1,2026-05-25 23:49:14.684125,UNK C/S,58-0120,4137,27500,42.15844,24.153767,KC-135R Stratotanker,183,512,0,False,mlat
ae4d69,2026-05-25 23:49:14.684134,RCH185,10-0216,1140,34000,36.5,28.6,C-17A Globemaster,,,,False,mode_s
ae1468,2026-05-25 23:49:14.684138,MOOSE68,07-7170,4403,34000,31.9,33.8,C-17A Globemaster,,,,False,mode_s
ae5fac,2026-05-25 23:49:14.684146,UNK C/S,19-46065,0711,17000,25.1,56.3,KC-46A Pegasus,,,,False,mode_s
ae4f12,2026-05-25 23:49:14.684155,MOOSE67,10-0218,7424,33050,33.6,32.1,C-17A Globemaster,,,,False,mode_s
ae07cf,2026-05-25 23:49:14.684162,MOOSE40,89-1191,3416,34000,33.7,32.6,C-17A Globemaster,,,,False,mode_s
43c1c6,2026-05-25 23:49:14.684170,RRR6115,ZZ176,6221,Unavailable,26.2,-15.1,C-17A Globemaster,,,,False,mode_s
ae0696,2026-05-25 23:50:16.129336,UNK C/S,63-8884,1602,9200,48.22118,-117.810623,KC-135R Stratotanker,169,245,10,False,mlat
ae07a8,2026-05-25 23:50:16.129362,UNK C/S,59-1508,7442,4350,36.423225,-114.835632,KC-135R Stratotanker,213,238,-1416,False,mlat
ae04c5,2026-05-25 23:50:16.129369,UNK C/S,59-1476,1565,31000,38.840881,-113.781876,KC-135R Stratotanker,166,458,,False,adsb_icao
ae0803,2026-05-25 23:50:16.129393,RCH657,98-0057,0767,7475,32.91188,-79.70507,C-17A Globemaster,39,286,2266,False,mlat
ae123a,2026-05-25 23:50:16.129407,RCH530,04-4128,0700,26900,12.413666,-17.604916,C-17A Globemaster,146,479,,False,adsb_icao
ae2fa7,2026-05-25 23:50:16.129430,RCH466,08-8195,0634,30000,50.371429,-8.583217,C-17A Globemaster,281,481,0,False,adsb_icao
ae04e1,2026-05-25 23:50:16.129451,UNK C/S,58-0120,4137,27500,42.010662,24.145769,KC-135R Stratotanker,183,519,0,False,mlat
ae0363,2026-05-25 23:50:16.129458,UNK C/S,60-0341,4131,27000,41.976345,24.144819,KC-135R Stratotanker,182,462,32,False,mlat
ae4d69,2026-05-25 23:50:16.129468,RCH185,10-0216,1140,34000,36.9,27.4,C-17A Globemaster,,,,False,mode_s
ae1468,2026-05-25 23:50:16.129473,MOOSE68,07-7170,4403,34000,31.8,33.2,C-17A Globemaster,,,,False,mode_s
ae5fac,2026-05-25 23:50:16.129482,UNK C/S,19-46065,0711,17000,25.3,57.1,KC-46A Pegasus,,,,False,mode_s
ae4f12,2026-05-25 23:50:16.129489,MOOSE67,10-0218,7424,33025,33.1,32.4,C-17A Globemaster,,,,False,mode_s
ae07cf,2026-05-25 23:50:16.129496,MOOSE40,89-1191,3416,34000,33.7,32.0,C-17A Globemaster,,,,False,mode_s
ae0696,2026-05-25 23:51:17.477177,UNK C/S,63-8884,1602,8375,48.158543,-117.753227,KC-135R Stratotanker,129,278,-1125,False,mlat
ae07a8,2026-05-25 23:51:17.477225,UNK C/S,59-1508,7442,4075,36.362034,-114.895172,KC-135R Stratotanker,221,216,95,False,mlat
ae04c5,2026-05-25 23:51:17.477230,UNK C/S,59-1476,1565,31000,38.713402,-113.741821,KC-135R Stratotanker,166,458,,False,adsb_icao
ae0803,2026-05-25 23:51:17.477241,RCH657,98-0057,0767,9650,32.971733,-79.649574,C-17A Globemaster,40,307,2067,False,mlat
ae123a,2026-05-25 23:51:17.477246,RCH530,04-4128,0700,27400,12.359293,-17.568295,C-17A Globemaster,,,,False,adsb_icao
ae2fa7,2026-05-25 23:51:17.477250,RCH466,08-8195,0634,30000,50.397732,-8.793071,C-17A Globemaster,281,478,-64,False,adsb_icao
ae0363,2026-05-25 23:51:17.477256,UNK C/S,60-0341,4131,27000,41.851685,24.138332,KC-135R Stratotanker,182,458,-32,False,mlat
ae04e1,2026-05-25 23:51:17.477259,UNK C/S,58-0120,4137,27500,41.880226,24.140284,KC-135R Stratotanker,180,484,0,False,mlat
ae4d69,2026-05-25 23:51:17.477263,RCH185,10-0216,1140,34000,37.6,26.6,C-17A Globemaster,,,,False,mode_s
ae1468,2026-05-25 23:51:17.477266,MOOSE68,07-7170,4403,34000,33.7,31.7,C-17A Globemaster,,,,False,mode_s
ae5fac,2026-05-25 23:51:17.477271,UNK C/S,19-46065,0711,17000,24.8,55.7,KC-46A Pegasus,,,,False,mode_s
ae4f12,2026-05-25 23:51:17.477276,MOOSE67,10-0218,7424,33025,32.9,32.5,C-17A Globemaster,,,,False,mode_s
ae07cf,2026-05-25 23:51:17.477280,MOOSE40,89-1191,3416,34000,33.8,31.9,C-17A Globemaster,,,,False,mode_s
43c1c6,2026-05-25 23:51:17.477283,RRR6115,ZZ176,6221,Unavailable,26.2,-15.1,C-17A Globemaster,,,,False,mode_s
ae0696,2026-05-25 23:52:18.778542,UNK C/S,63-8884,1602,7175,48.099323,-117.684921,KC-135R Stratotanker,144,267,-887,False,mlat
ae07a8,2026-05-25 23:52:18.778565,UNK C/S,59-1508,7442,3575,36.334557,-114.906639,KC-135R Stratotanker,199,200,-527,False,mlat
ae04c5,2026-05-25 23:52:18.778572,UNK C/S,59-1476,1565,30975,38.584717,-113.701508,KC-135R Stratotanker,166,460,,False,adsb_icao
ae0803,2026-05-25 23:52:18.778595,RCH657,98-0057,0767,10475,33.055164,-79.544853,C-17A Globemaster,40,299,958,False,mlat
43c1c6,2026-05-25 23:52:18.778608,RRR6115,ZZ176,6221,33000,25.226984,-18.899904,C-17A Globemaster,348,452,,False,adsb_icao
ae2fa7,2026-05-25 23:52:18.778615,RCH466,08-8195,0634,30000,50.423584,-9.002139,C-17A Globemaster,280,478,-64,False,adsb_icao
ae04e1,2026-05-25 23:52:18.778626,UNK C/S,58-0120,4137,27500,41.745319,24.131409,KC-135R Stratotanker,184,467,0,False,mlat
ae0363,2026-05-25 23:52:18.778630,UNK C/S,60-0341,4131,27000,41.731579,24.133562,KC-135R Stratotanker,182,456,-32,False,mlat
ae4d69,2026-05-25 23:52:18.778639,RCH185,10-0216,1140,34000,37.6,26.6,C-17A Globemaster,,,,False,mode_s
ae1468,2026-05-25 23:52:18.778644,MOOSE68,07-7170,4403,34000,32.8,33.8,C-17A Globemaster,,,,False,mode_s
ae5fac,2026-05-25 23:52:18.778653,UNK C/S,19-46065,0711,17000,25.0,56.0,KC-46A Pegasus,,,,False,mode_s
ae4f12,2026-05-25 23:52:18.778661,MOOSE67,10-0218,7424,33025,33.4,33.0,C-17A Globemaster,,,,False,mode_s
ae07cf,2026-05-25 23:52:18.778670,MOOSE40,89-1191,3416,34000,33.6,32.6,C-17A Globemaster,,,,False,mode_s
ae0696,2026-05-25 23:53:20.154374,UNK C/S,63-8884,1602,7175,48.043659,-117.617165,KC-135R Stratotanker,140,235,-72,False,mlat
ae07a8,2026-05-25 23:53:20.154395,UNK C/S,59-1508,7442,2800,36.279186,-114.98056,KC-135R Stratotanker,218,141,-848,False,mlat
ae04c5,2026-05-25 23:53:20.154403,UNK C/S,59-1476,1565,31000,38.460754,-113.662758,KC-135R Stratotanker,166,461,,False,adsb_icao
ae5e0c,2026-05-25 23:53:20.154428,MCDY11,17-46031,Unavailable,Unavailable,14.861784,-81.63372,KC-46A Pegasus,,,,False,other
ae0803,2026-05-25 23:53:20.154437,RCH657,98-0057,0767,11350,33.104095,-79.520393,C-17A Globemaster,35,331,883,False,mlat
43c1c6,2026-05-25 23:53:20.154449,RRR6115,ZZ176,6221,33000,25.370132,-18.931671,C-17A Globemaster,348,449,,False,adsb_icao
ae123a,2026-05-25 23:53:20.154455,RCH530,04-4128,0700,28525,12.088313,-17.386587,C-17A Globemaster,146,475,,False,adsb_icao
ae2fa7,2026-05-25 23:53:20.154460,RCH466,08-8195,0634,30000,50.449078,-9.210923,C-17A Globemaster,280,479,-64,False,adsb_icao
ae0363,2026-05-25 23:53:20.154472,UNK C/S,60-0341,4131,27000,41.588287,24.124851,KC-135R Stratotanker,182,456,-64,False,mlat
ae04e1,2026-05-25 23:53:20.154476,UNK C/S,58-0120,4137,27500,41.610893,24.125122,KC-135R Stratotanker,183,466,0,False,mlat
ae5f9e,2026-05-25 23:53:20.154482,UNK C/S,18-46051,5373,25,32.016476,34.887489,KC-46A Pegasus,,,,False,mlat
ae4d69,2026-05-25 23:53:20.154489,RCH185,10-0216,1140,34000,37.6,26.6,C-17A Globemaster,,,,False,mode_s
ae1468,2026-05-25 23:53:20.154493,MOOSE68,07-7170,4403,34000,31.9,33.8,C-17A Globemaster,,,,False,mode_s
ae5fac,2026-05-25 23:53:20.154500,UNK C/S,19-46065,0711,17000,25.2,56.5,KC-46A Pegasus,,,,False,mode_s
ae4f12,2026-05-25 23:53:20.154506,MOOSE67,10-0218,7424,33025,32.9,32.7,C-17A Globemaster,,,,False,mode_s
ae07cf,2026-05-25 23:53:20.154514,MOOSE40,89-1191,3416,34000,34.1,31.6,C-17A Globemaster,,,,False,mode_s
ae0696,2026-05-25 23:54:21.656415,UNK C/S,63-8884,1602,7200,47.992558,-117.555214,KC-135R Stratotanker,142,236,4,False,mlat
ae07a8,2026-05-25 23:54:21.656436,UNK C/S,59-1508,7442,2025,36.241383,-115.019318,KC-135R Stratotanker,219,160,-660,False,mlat
ae04c5,2026-05-25 23:54:21.656443,UNK C/S,59-1476,1565,31000,38.330521,-113.622246,KC-135R Stratotanker,166,464,,False,adsb_icao
ae0803,2026-05-25 23:54:21.656462,RCH657,98-0057,0767,12550,33.191368,-79.409607,C-17A Globemaster,41,369,1580,False,mlat
43c1c6,2026-05-25 23:54:21.656477,RRR6115,ZZ176,6221,33000,25.428635,-18.944599,C-17A Globemaster,348,449,-288,False,adsb_icao
ae123a,2026-05-25 23:54:21.656482,RCH530,04-4128,0700,28875,12.020874,-17.341398,C-17A Globemaster,,,,False,adsb_icao
ae2fa7,2026-05-25 23:54:21.656489,RCH466,08-8195,0634,30000,50.473984,-9.417668,C-17A Globemaster,280,473,0,False,adsb_icao
ae04e1,2026-05-25 23:54:21.656502,UNK C/S,58-0120,4137,27500,41.476139,24.107691,KC-135R Stratotanker,189,464,0,False,mlat
ae0363,2026-05-25 23:54:21.656507,UNK C/S,60-0341,4131,27000,41.513012,24.116457,KC-135R Stratotanker,187,460,0,False,mlat
ae5f9e,2026-05-25 23:54:21.656513,UNK C/S,18-46051,5373,1725,32.006859,34.824993,KC-46A Pegasus,,,1805,False,mlat
ae4d69,2026-05-25 23:54:21.656522,RCH185,10-0216,1140,34000,37.6,26.6,C-17A Globemaster,,,,False,mode_s
ae1468,2026-05-25 23:54:21.656526,MOOSE68,07-7170,4403,34000,31.5,33.6,C-17A Globemaster,,,,False,mode_s
ae1179,2026-05-25 23:54:21.656531,RCH435,02-1107,6240,975,36.9,-76.4,C-17A Globemaster,,,,False,mode_s
ae5fac,2026-05-25 23:54:21.656537,UNK C/S,19-46065,0711,17000,25.3,56.7,KC-46A Pegasus,,,,False,mode_s
ae4f12,2026-05-25 23:54:21.656544,MOOSE67,10-0218,7424,33025,33.2,32.3,C-17A Globemaster,,,,False,mode_s
ae07cf,2026-05-25 23:54:21.656551,MOOSE40,89-1191,3416,34000,34.0,31.9,C-17A Globemaster,,,,False,mode_s
ae0696,2026-05-25 23:55:22.965277,UNK C/S,63-8884,1602,6800,47.933826,-117.487404,KC-135R Stratotanker,138,258,-1164,False,mlat
ae04c5,2026-05-25 23:55:22.965298,UNK C/S,59-1476,1565,31000,38.201843,-113.609268,KC-135R Stratotanker,198,465,,False,adsb_icao
ae0803,2026-05-25 23:55:22.965312,RCH657,98-0057,0767,14150,33.26704,-79.322929,C-17A Globemaster,46,398,1559,False,mlat
ae1179,2026-05-25 23:55:22.965317,RCH435,02-1107,6240,2675,36.759911,-76.090919,C-17A Globemaster,193,245,1172,False,mlat
43c1c6,2026-05-25 23:55:22.965325,RRR6115,ZZ176,6221,33000,25.629364,-18.989105,C-17A Globemaster,348,449,,False,adsb_icao
ae2fa7,2026-05-25 23:55:22.965330,RCH466,08-8195,0634,30000,50.498425,-9.623578,C-17A Globemaster,280,478,0,False,adsb_icao
ae0363,2026-05-25 23:55:22.965341,UNK C/S,60-0341,4131,27000,41.339626,24.08674,KC-135R Stratotanker,187,458,-32,False,mlat
ae04e1,2026-05-25 23:55:22.965344,UNK C/S,58-0120,4137,27500,41.360909,24.088428,KC-135R Stratotanker,188,462,0,False,mlat
ae5f9e,2026-05-25 23:55:22.965350,UNK C/S,18-46051,5373,3050,31.99518,34.747189,KC-46A Pegasus,268,268,1729,False,mlat
ae4d69,2026-05-25 23:55:22.965356,RCH185,10-0216,1140,34000,37.3,27.0,C-17A Globemaster,,,,False,mode_s
ae1468,2026-05-25 23:55:22.965360,MOOSE68,07-7170,4403,34000,31.9,33.8,C-17A Globemaster,,,,False,mode_s
ae5fac,2026-05-25 23:55:22.965365,UNK C/S,19-46065,0711,17000,25.4,57.1,KC-46A Pegasus,,,,False,mode_s
ae4f12,2026-05-25 23:55:22.965371,MOOSE67,10-0218,7424,33025,32.8,32.6,C-17A Globemaster,,,,False,mode_s
ae07cf,2026-05-25 23:55:22.965377,MOOSE40,89-1191,3416,34000,33.6,32.8,C-17A Globemaster,,,,False,mode_s
